campana,estacion,ad,aphy,acdom,pct_ad,pct_aphy,pct_acdom
Seca 2021,SC-21-0101,0.3593374582710473,0.2869145580434083,0.43252642999999985,33.30966237772823,26.596244949426346,40.094092672845434
Seca 2021,SC-21-0104,0.10415539191628415,0.1646392006414254,0.4396542149999998,14.701893884943802,23.239392724648503,62.05871339040769
Seca 2021,SC-21-0109,0.8358724457542304,0.360636422322852,0.6022483179999999,46.46944302566976,20.049199809417612,33.48135716491262
Seca 2021,SC-21-0113,2.7520848819328543,17.882744175821117,0.9434769189999999,12.753943172821998,82.87371675555053,4.372340071627473
Seca 2021,SC-21-0115,2.5171866483934933,1.1508154802715564,0.800324742,56.33398632761269,25.754952884641433,17.911060787745875
Seca 2021,SC-21-0119,0.35520368443159395,0.5040747811544737,0.3971961069999999,28.269866512341437,40.11818401680747,31.61194947085109
Seca 2021,SC-21-0124,0.22091917464949526,0.2711936174213072,0.24034568599999984,30.1613239881347,37.02511822043414,32.81355779143116
Seca 2021,SC-21-0128,0.20937846573031077,0.2364019998925621,0.13981973600000014,35.75450711083441,40.36918007156104,23.876312817604557
Seca 2021,SC-21-0132,0.13939631523743862,0.22482635419516295,0.1515373999999999,27.02735700163672,43.59126801780122,29.381374980562068
Seca 2021,SC-21-0136,0.5159258604057355,0.35147040133008256,0.17577417199999995,49.45748496322828,33.69251945450479,16.849995582266914
Seca 2021,SC-21-0140,1.252588011683235,0.61282978477244,0.411854702,55.00387031120227,26.910691855631182,18.085437833166562
Seca 2021,SC-21-0163,1.1331769569649697,0.3550968117134192,0.44869349000000003,58.50263869396259,18.332618175265655,23.16474313077175
Seca 2021,SC-21-0164,0.4348307650923709,0.6093753896848726,0.38721720800000015,30.37750929597191,42.571289915414276,27.05120078861382
Seca 2021,SC-21-0165,0.8825748696988143,0.31520655890880644,0.416200463,54.68307137075236,19.529745689701773,25.787182939545865
Seca 2021,SC-21-0166,0.14174328187424187,0.543793674919577,0.11701082400000008,17.661662678082575,67.75841737194735,14.579919949970071
Seca 2021,SC-21-0167,0.37035228272495446,0.4318288941189099,0.324971724,32.85732418802127,38.311474316892856,28.831201495085878
Seca 2021,SC-21-0168,0.7400664609342931,0.5860098227995385,0.39778797800000015,42.93066904176942,33.99396552314046,23.075365435090124
Seca 2021,SC-21-0169,0.430459840157727,0.6410239861171431,0.39017656300000003,29.450058530441407,43.855877248965825,26.694064220592768
Seca 2021,SC-21-0170,0.13960300926584512,0.07818716348148572,0.07017010699999997,48.47995334229396,27.15206539946781,24.36798125823824
Seca 2021,SC-21-0171,0.11292264944280589,0.15622229916282682,0.1251910800000001,28.636148170913767,39.616542195047934,31.747309634038306
Seca 2021,SC-21-0172,0.8809573458625383,1.0463701369647604,0.42267189299999997,37.487556589346084,44.52640063346375,17.986042777190175
Seca 2021,SC-21-0225,3.180960026501564,1.2382048699187593,0.8903144669999999,59.910959413776034,23.320645682312588,16.768394903911382
Seca 2021,SC-21-0228,0.5649312149729157,1.4936531089275484,0.6811168559999999,20.620176357826008,54.51883292548767,24.860990716686317
Seca 2021,SC-21-0231,0.12214381979827511,2.5632059331121964,0.678201258,3.631394897894303,76.2053533541734,20.163251747932296
Seca 2022,E1,0.2954631663851014,1.2346558932620395,0.497690379235,14.570558787219163,60.88618928328203,24.54325192949881
Seca 2022,E2,0.300222032776713,0.48140992854398246,0.4061635399149999,25.275565740431244,40.529697918804956,34.194736340763804
Seca 2022,E3,0.5504878975616039,0.5518431373229884,0.5331820939417001,33.65842119265991,33.741284468869566,32.60029433847054
Seca 2022,E4,11.393713217600759,3.422805995316013,0.9530652902295002,72.25119479417825,21.705112107634232,6.043693098187521
Seca 2022,E5,2.909983640143788,0.7707660505970542,0.7272933454247998,66.0153182777238,17.485447493895357,16.499234228380846
Seca 2022,E6,1.0204333557487388,0.3729079733926932,0.7952781228279999,46.624521902631386,17.038502196310624,36.336975901058
Seca 2022,E7,0.9985709012211419,0.5846789092375335,0.8030333346147,41.8462873227241,24.501656915468654,33.65205576180725
Seca 2022,E8,1.0209402283450775,0.5967902531034659,0.5735518519052001,46.59099436002548,27.234749444179666,26.174256195794847
Seca 2022,E9,0.8508498261165836,0.8710340815251518,0.4482886315816999,39.2065520477486,40.136628115146955,20.656819837104447
Seca 2022,E10,0.4374002278826575,0.30017853557431456,0.2358750667035001,44.93281697916303,30.83644301084425,24.23074000999272
Seca 2022,E14,0.6353756505042515,0.5676463849627184,0.4673737245436,38.03743194967347,33.98274819370509,27.979819856621436
Seca 2022,E12,0.26372417949578897,0.22636105800202155,0.28971868369219983,33.81929384162827,29.0279455964502,37.15276056192153
Seca 2022,E24,0.18991796376016712,0.17545591792262022,0.23813932701929985,31.4687335789392,29.072423833101343,39.45884258795947
Seca 2022,E25,0.433585239400344,0.23146176917786432,0.1232756438094999,55.000986980024095,29.361298762226628,15.637714257749273
Seca 2022,E27,0.3948377027382162,0.2129916840014246,0.3964182636834,39.31676639441379,21.20907964402023,39.474153961565975
Seca 2022,E28,0.22545980903324264,0.25558473604307386,0.38379032787899997,26.06969446812438,29.553009948556873,44.37729558331875
Seca 2022,E29,0.25520608381010174,0.34822523666605615,0.2433251970863001,30.139252372660643,41.12460069022977,28.73614693710959
Seca 2022,E30,0.4358731137053822,0.6360253446149564,0.28794464709569995,32.05319142843531,46.771965242296616,21.174843329268082
Seca 2022,E31,0.19432534306498325,0.1802026985861014,0.49724854315780004,22.290727515649465,20.67074313834735,57.03852934600319
Seca 2022,E18,0.371307875447299,0.2724964316658776,0.27950600462889996,40.21485200860862,29.51298476800707,30.27216322338431
Seca 2022,E21,0.6896226042273728,0.4042275597753877,0.4702124576156001,44.09175148715013,25.844717096884967,30.063531415964903
Seca 2022,E22,0.9586711132878155,0.38159292931938504,0.6246895440743999,48.788486394063504,19.419946196480723,31.79156740945577
Humeda 2022,SC-22-0415,0.07114415120994404,0.20631974607821219,0.20631974607821219,14.70577854077359,42.6471107296132,42.6471107296132
Humeda 2022,SC-22-0416,0.13015050709042364,0.05729090693306127,0.05729090693306127,53.18075952605079,23.4096202369746,23.4096202369746
Humeda 2022,SC-22-0419,0.2732442707248805,0.08764936091726538,0.08764936091726538,60.91818961784097,19.54090519107951,19.54090519107951
Humeda 2022,SC-22-0423,0.7630038917211981,0.12805187952870578,0.12805187952870578,74.86980312023509,12.565098439882451,12.565098439882451
Humeda 2022,SC-22-0427,0.38247646109417344,0.6637201201742059,0.6637201201742059,22.368134118550575,38.815932940724714,38.815932940724714
Humeda 2022,SC-22-0428,1.078522060699274,0.506947240469398,0.506947240469398,51.544328733653664,24.227835633173168,24.227835633173168
Humeda 2022,SC-22-0429,1.6152309968101948,0.2983404817945965,0.2983404817945965,73.02419923252936,13.487900383735322,13.487900383735322
Humeda 2022,SC-22-0431,0.7264388821674929,0.2263579309265904,0.2263579309265904,61.60674719337402,19.196626403312997,19.196626403312997
Humeda 2022,SC-22-0434,1.0202296393971564,0.8330186687405658,0.8330186687405658,37.97945804265388,31.010270978673056,31.010270978673056
Humeda 2022,SC-22-0437,1.001375962302735,0.48076081424071493,0.48076081424071493,51.015191368322576,24.492404315838712,24.492404315838712
Humeda 2022,SC-22-0441,0.8678627384329758,0.6088442186458878,0.6088442186458878,41.61311160975871,29.193444195120644,29.193444195120644
Humeda 2022,SC-22-0444,2.3454867723588326,0.07741243857059299,0.07741243857059299,93.80777683565384,3.0961115821730854,3.0961115821730854
Humeda 2022,SC-22-0453,0.0894935633815296,0.08488050648286959,0.08488050648286959,34.51956939099656,32.74021530450172,32.74021530450172
Humeda 2022,SC-22-0454,0.07808193425698273,0.06298547056965093,0.06298547056965093,38.265539804495425,30.867230097752287,30.867230097752287
Humeda 2022,SC-22-0455,0.047247541356614374,0.03661977980303161,0.03661977980303161,39.21377556527806,30.393112217360972,30.393112217360972
Humeda 2022,SC-22-0456,0.2531366752279625,0.20732393281276024,0.20732393281276024,37.90693850211525,31.04653074894237,31.04653074894237
Humeda 2022,SC-22-0459,0.3191821332475028,0.23019456421318685,0.23019456421318685,40.943291388418125,29.52835430579094,29.52835430579094
Humeda 2022,SC-22-0463,0.28358227288300036,0.2243731835122838,0.2243731835122838,38.72336235802456,30.638318820987728,30.638318820987728
Humeda 2022,SC-22-0464,0.20933739831964815,0.24743069558428016,0.24743069558428016,29.727031833126066,35.13648408343697,35.13648408343697
Humeda 2022,SC-22-0465,0.17386968757104718,0.22974269186662913,0.22974269186662913,27.452166320068628,36.273916839965686,36.273916839965686
Humeda 2022,SC-22-0466,0.19658805728739054,0.18820027164093595,0.18820027164093595,34.30924403942433,32.84537798028784,32.84537798028784
Humeda 2022,SC-22-0468,0.16522006698691596,0.17248544419110448,0.17248544419110448,32.38396628716765,33.808016856416174,33.808016856416174
Humeda 2022,SC-22-0469,0.19592339935068717,0.24587399972984744,0.24587399972984744,28.490846018842632,35.754576990578684,35.754576990578684
Humeda 2022,SC-22-0470,0.3732789375550925,0.56403033562371,0.56403033562371,24.86305798944614,37.568471005276926,37.568471005276926
Humeda 2022,SC-22-0471,0.6786669031005337,1.8089274477614161,1.8089274477614161,15.795728147311696,42.102135926344154,42.102135926344154
Humeda 2022,SC-22-0473,0.18687178210476643,0.2613243205577618,0.2613243205577618,26.337759420174855,36.831120289912576,36.831120289912576
Humeda 2022,SC-22-0474,0.19750419137991146,0.21201167082024405,0.21201167082024405,31.777223193976997,34.1113884030115,34.1113884030115
Humeda 2022,SC-22-0475,0.3360122667657612,0.30671820272326306,0.30671820272326306,35.390250847665854,32.30487457616707,32.30487457616707
Humeda 2022,SC-22-0479,0.2961949261410465,0.3542958011937042,0.3542958011937042,29.478393442917106,35.260803278541445,35.260803278541445
Humeda 2023,E3,0.22081783124652582,0.21368288581123296,0.3959741969204002,26.589343944028297,25.730203551561186,47.68045250441052
Humeda 2023,E2,0.5113076254073715,0.29770538840117855,0.46405008699140005,40.16357281002669,23.38496718773095,36.45146000224235
Humeda 2023,E1,0.1467057171538406,0.23047468845863286,0.32496099708660015,20.89404165455776,32.824540409193126,46.28141793624911
Humeda 2023,E4,1.6125823285280907,0.39183506633618714,0.8106314585411001,57.2843461163149,13.919298979915833,28.796354903769267
Humeda 2023,E5,0.37903281303591674,0.27361738737378893,0.6392262981685003,29.339709597091282,21.179840927125976,49.48044947578273
Humeda 2023,E24,0.05802639831609917,0.19448099048364792,0.2272867149581001,12.094020718809245,40.53426020879214,47.37171907239861
Humeda 2023,E25,0.023357103415837726,0.06703366065415034,0.1376341189888002,10.243225696476253,29.397520022789816,60.359254280733936
Humeda 2023,E27,6.630716739204883e-05,0.03983170814396326,0.14570668072100015,0.03572494059120673,21.460506654971496,78.5037684044373
Humeda 2023,E31,0.04977821484797603,0.09885246064381423,0.12692752726080023,18.064501201827525,35.87353221800796,46.06196658016453
Humeda 2023,E12,0.0682425365289819,0.08392030512827647,0.16337935644940021,21.62707141499812,26.595588682534938,51.777339902466935
Humeda 2023,E13,0.10856729643947427,0.15630225637430367,0.2276204512092,22.044568529843477,31.73714290595249,46.21828856420404
Humeda 2023,E14,0.5122239312514091,0.3457560413108589,0.6571488040278002,33.80728682377841,22.820241200158154,43.37247197606344
Humeda 2023,E10,0.17538190188759592,0.218246576245515,0.45459693732810014,20.676331867777673,25.729785062717838,53.5938830695045
Humeda 2023,E9,0.6398013487554486,0.3348284237217449,0.6630289145963002,39.068052079812645,20.4455559857888,40.486391934398554
Humeda 2023,E7,0.864272717009308,0.5640787858027295,0.7368674638479,39.91618077974504,26.051812518198858,34.032006702056115
