epoca,anio,campana,etiqueta,estacion,temperatura,salinidad,turbidez,br440_compendio,br443_compendio,br440_flag,aphy440,aphy443,aphy675,aphy676,aphy677,ap440,ap676,ad440,ad676,br440_espectro,br443_espectro
Seca,2021,Seca 2021,E01,SC-21-0101,28.3,20.2,4.0,2.0952325767871187,2.0938023981864906,,0.2871105359740277,0.2869145580434083,0.146986608328704,0.13703038944454082,0.14540761231212318,0.6680616973231421,0.13947737009703493,0.38095116134911444,0.0024469806524940944,2.0952325767871187,1.9731742615203316
Seca,2021,Seca 2021,E02,SC-21-0104,,,,2.579369714119828,2.4746219874960107,,0.17160817694063063,0.1646392006414254,0.07478745985393644,0.06653105059008162,0.07459926460947276,0.2795283283989936,0.06989277647684232,0.10792015145836298,0.0033617258867607055,2.579369714119828,2.206981550063688
Seca,2021,Seca 2021,E03,SC-21-0109,28.4,15.6,9.54,2.1947891189192674,3.0620458809780486,,0.258494133127538,0.360636422322852,0.11738396308789896,0.11777629609118105,0.11888415340087115,1.2526622853463254,0.11777742397519098,0.9941681522187874,1.1278840099288372e-06,2.1947891189192674,3.0335112965544266
Seca,2021,Seca 2021,E04,SC-21-0113,38.7,0.3,242.0,9.520121915647193,9.201670530164284,,18.50163013140477,17.882744175821117,2.273893539017436,1.943423655215554,2.426739094836457,21.369417278051838,2.004057266237198,2.867787146647067,0.06063361102164419,9.520121915647193,7.369042767667726
Seca,2021,Seca 2021,E05,SC-21-0115,30.3,7.1,31.4,4.206259039630392,4.780358683426786,,1.0126077010959427,1.1508154802715564,0.2687482995794115,0.2407383120144026,0.23831110982305248,4.123014699611857,0.24073849136179842,3.110406998515914,1.7934739583373906e-07,4.206259039630392,4.829046707583395
Seca,2021,Seca 2021,E06,SC-21-0119,29.5,22.4,6.61,3.13669565256827,3.107903139544982,,0.5087446756297649,0.5040747811544737,0.15478559397168618,0.16219127769479766,0.16972540726502655,0.8775248193160098,0.17221198285964395,0.3687801436862449,0.010020705164846287,3.13669565256827,2.9699429759939235
Seca,2021,Seca 2021,E11,SC-21-0124,28.6,28.1,3.84,1.904671681336338,1.7164566436665847,,0.3009308770876591,0.2711936174213072,0.16029453003580676,0.15799619432390719,0.1582665951150063,0.5297493467994194,0.16530900900519763,0.22881846971176034,0.007312814681290453,1.904671681336338,1.7135240524018422
Seca,2021,Seca 2021,E12,SC-21-0128,28.2,31.5,1.11,1.9887568675340361,1.8029997799229316,,0.2607577139056609,0.2364019998925621,0.12133505116570964,0.13111593385921932,0.12500868145453564,0.47878108260705066,0.1359592543232325,0.21802336870138977,0.004843320464013186,1.9887568675340361,1.891084660216491
Seca,2021,Seca 2021,E13,SC-21-0132,28.3,31.8,2.31,2.587018052395122,2.4629272237319544,,0.2361538868678997,0.22482635419516295,0.0873272543252535,0.09128420524520998,0.08928063822381703,0.3812022382029648,0.09466723963661447,0.14504835133506508,0.003383034391404479,2.587018052395122,2.5181983313285383
Seca,2021,Seca 2021,E14,SC-21-0136,,30.9,4.62,2.8673437066025036,2.468280433962837,,0.4082949528116877,0.35147040133008256,0.1537158519939918,0.14239484156417148,0.13421442110687432,0.9585859010794863,0.14469833724076478,0.5502909482677986,0.0023034956765933044,2.8673437066025036,2.6187230733589226
Seca,2021,Seca 2021,E08,SC-21-0140,,23.2,8.26,1.498347430124317,1.447556078280465,,0.6343325463481737,0.61282978477244,0.44527976754768916,0.42335477980266806,0.4247270994669385,2.0656298798513357,0.4233906748045566,1.431297333503162,3.589500188856879e-05,1.498347430124317,1.442878934594904
Seca,2021,Seca 2021,E43,SC-21-0148,29.3,33.9,6.73,,,#DIV/0!,,,,,,,,,,,
Seca,2021,Seca 2021,E41,SC-21-0152,29.5,34.6,3.55,,,#DIV/0!,,,,,,,,,,,
Seca,2021,Seca 2021,E39,SC-21-0154,28.9,34.1,3.3,,,#DIV/0!,,,,,,,,,,,
Seca,2021,Seca 2021,E37,SC-21-0156,29.2,33.9,1.03,,,#DIV/0!,,,,,,,,,,,
Seca,2021,Seca 2021,E35,SC-21-0158,29.6,22.0,2.64,,,#DIV/0!,,,,,,,,,,,
Seca,2021,Seca 2021,E34,SC-21-0159,29.7,20.0,6.61,,,#DIV/0!,,,,,,,,,,,
Seca,2021,Seca 2021,E33,SC-21-0160,30.1,19.9,6.23,,,#DIV/0!,,,,,,,,,,,
Seca,2021,Seca 2021,E32,SC-21-0161,30.1,19.1,7.84,,,#DIV/0!,,,,,,,,,,,
Seca,2021,Seca 2021,E27,SC-21-0163,29.2,18.9,2.56,0.6668669363849512,0.868313735863186,,0.2727151640783245,0.3550968117134192,0.3891317578655211,0.4089498956968812,0.40128892424316065,1.6079691542710786,0.40895302343045264,1.335253990192754,3.1277335714286563e-06,0.6668669363849512,0.8848906367977618
Seca,2021,Seca 2021,E24,SC-21-0164,30.7,22.1,5.57,2.3350022570369884,2.2633018682297767,,0.6286801289170834,0.6093753896848726,0.26945944380104814,0.26924176498006896,0.2608505182236815,1.0812857775644957,0.27957104149671164,0.4526056486474124,0.010329276516642647,2.3350022570369884,2.3361095612711344
Seca,2021,Seca 2021,E25,SC-21-0165,31.0,21.1,4.09,0.7153817111420399,1.0793157217364868,,0.20892219295442627,0.31520655890880644,0.2936358562392485,0.29204296070261787,0.2876867688999325,1.2550145371353147,0.2920445133651342,1.0460923441808885,1.5526625163515445e-06,0.7153817111420399,1.095658865766073
Seca,2021,Seca 2021,E27_5m,SC-21-0166,28.9,33.8,0.74,4.251015976664504,4.15260238654943,,0.5566811808373238,0.543793674919577,0.13007235085915614,0.130952502623647,0.12361550760609696,0.7034046274735453,0.135837718862507,0.14672344663622147,0.0048852162388600155,4.251015976664504,4.399073267185742
Seca,2021,Seca 2021,E28,SC-21-0167,30.3,24.8,3.84,2.108503731484168,1.953712947566777,,0.46604227900848383,0.4318288941189099,0.22625585937265205,0.22102985735787073,0.22337323822507701,0.8508976263034486,0.23086175851383736,0.38485534729496473,0.009831901155966632,2.108503731484168,1.9332167879653839
Seca,2021,Seca 2021,E29,SC-21-0168,31.4,25.9,6.48,1.1804796912465054,1.1946981709722826,,0.5790355350781465,0.5860098227995385,0.48752091882042137,0.4905086799644344,0.49461135275707024,1.3440677384147917,0.5184483067313453,0.7650322033366451,0.027939626766910905,1.1804796912465054,1.1847884597330682
Seca,2021,Seca 2021,E31_sup,SC-21-0169,30.8,21.2,5.53,2.7483092489877534,2.6356536470774614,,0.6684232398373868,0.6410239861171431,0.24616983827538796,0.24321252787821382,0.2365537224656279,1.1174466465839534,0.2520547055282076,0.44902340674656654,0.00884217764999376,2.7483092489877534,2.709845270814904
Seca,2021,Seca 2021,E31_10m,SC-21-0170,28.1,34.7,1.61,1.9575462490191875,1.9731630154942026,,0.07756834452742764,0.07818716348148572,0.04272149279344946,0.03962529343370182,0.04159863607782971,0.2361969300499068,0.03963140292073104,0.15862858552247916,6.109487029217019e-06,1.9575462490191875,1.8795607465398636
Seca,2021,Seca 2021,E31_5m,SC-21-0171,28.5,33.3,0.45,2.2667692517550773,2.058559282106887,,0.17202317526573507,0.15622229916282682,0.07731528592827795,0.07588914272264094,0.07679125359505092,0.28855265210855285,0.08068141329041992,0.11652947684281778,0.004792270567778977,2.2667692517550773,2.034376206262312
Seca,2021,Seca 2021,E30,SC-21-0172,32.7,30.8,10.45,1.8536971993806564,1.7520906730516732,,1.107050806353973,1.0463701369647604,0.5910162096083325,0.597212320719831,0.5967388310606918,2.0210702401273077,0.6232047685763336,0.9140194337733348,0.025992447856502565,1.8536971993806564,1.7534808906349493
Seca,2021,Seca 2021,E07_sup,SC-21-0225,30.9,6.1,57.9,2.7092831197611367,3.692754039571118,,0.9084405614153881,1.2382048699187593,0.31120437642083326,0.33530661848861354,0.33670034582612784,4.687736974745619,0.33531128007084304,3.7792964133302305,4.661582229491767e-06,2.7092831197611367,3.6774683639860846
Seca,2021,Seca 2021,E09_sup,SC-21-0228,30.8,12.4,16.76,3.6558740976338444,3.657810486452935,,1.4928623918604838,1.4936531089275484,0.4137816688453315,0.4083462263721539,0.39780418354703106,2.081463022955111,0.4209090254811564,0.5886006310946271,0.012562799109002496,3.6558740976338444,3.7547445972270896
Seca,2021,Seca 2021,E10_sup,SC-21-0231,29.7,11.5,31.6,8.350537772040425,9.080059098566293,,2.357269675188695,2.5632059331121964,0.27732912645866836,0.28228956500039926,0.29380837175552493,2.484105479629539,0.28569279316576646,0.12683580444084425,0.003403228165367173,8.350537772040425,8.72407385057433
Seca,2022,Seca 2022,E1,SC-22-0108,29.12,28.6,8.01,1.8731384603370795,1.827160689167482,,1.2657241657298879,1.2346558932620395,0.6813728082289894,0.6757237612333875,0.6692877554673382,1.5715032571392575,0.69859210849394,0.3057790914093696,0.022868347260552566,1.8731384603370795,1.8447310341124143
Seca,2022,Seca 2022,E2,SC-22-0112,29.08,27.84,7.5,2.841081080518423,2.6863807544394582,,0.5091328314870335,0.48140992854398246,0.181187997079207,0.179203907617494,0.1708737523115964,0.8225652207628885,0.20665499285050593,0.31343238927585504,0.027451085233011922,2.841081080518423,2.817342757629086
Seca,2022,Seca 2022,E3,SC-22-0116,28.6,27.69,4.12,2.945746163717083,2.7566362315922217,,0.5897005147479537,0.5518431373229884,0.20667943270768824,0.20018714511498895,0.19574103713383398,1.154326916694681,0.24889791357935837,0.5646264019467273,0.04871076846436941,2.945746163717083,2.8192511156752316
Seca,2022,Seca 2022,E4,SC-22-0121,29.39,25.65,183.5,10.201274739703308,9.194361237655288,,3.7976519995669307,3.422805995316013,0.5001490142226561,0.3722722989497076,0.34482241874179875,15.605677847185552,1.4255436282628522,11.808025847618621,1.0532713293131446,10.201274739703308,9.926286138254232
Seca,2022,Seca 2022,E5,SC-22-0122,29.34,21.18,63.7,8.368367433340405,8.226343357328084,,0.7840729758495963,0.7707660505970542,0.10192859104434498,0.0936948553102212,0.08297992663284959,3.8086942703684614,0.3593672856614235,3.024621294518865,0.2656724303512023,8.368367433340405,9.288584382670784
Seca,2022,Seca 2022,E6,SC-22-0127,31.28,31.26,19.9,6.539741085660782,6.046934207377212,,0.4032988471730803,0.3729079733926932,0.059717462613934805,0.06166893182627131,0.056710447228614,1.4547279620657783,0.1520168204599997,1.051429114892698,0.09034788863372839,6.539741085660782,6.575648608260977
Seca,2022,Seca 2022,E7,SC-22-0129,29.84,19.43,21.3,4.087568640679724,3.884920587765291,,0.6151773556949103,0.5846789092375335,0.15116340614955798,0.15049957805543107,0.13950052344449032,1.6486690048014752,0.2401039413037198,1.0334916491065649,0.08960436324828873,4.087568640679724,4.191230934485973
Seca,2022,Seca 2022,E8,SC-22-0131,31.31,17.54,22.5,3.7171112075962807,3.5739944606899576,,0.6206880740287621,0.5967902531034659,0.16863074538998227,0.16698130331971917,0.1578619100775635,1.6746858384390404,0.2586806367325722,1.0539977644102783,0.09169933341285304,3.7171112075962807,3.78045757086203
Seca,2022,Seca 2022,E9,SC-22-0135,30.45,21.06,18.46,4.1938085926615845,3.801130886059746,,0.9610166882172065,0.8710340815251518,0.24272127984106506,0.22915129934609174,0.22204820352818933,1.8406610256283993,0.3079814855276477,0.8796443374111927,0.07883018618155596,4.1938085926615845,3.9227251906794773
Seca,2022,Seca 2022,E10,SC-22-0139,29.84,30.37,10.17,3.00645698380686,2.840837009190755,,0.3176788572334863,0.30017853557431456,0.10799060968238704,0.10566552554869169,0.10026463177580933,0.7724402576152241,0.14727545779892268,0.45476140038173773,0.04160993225023099,3.00645698380686,2.9938626438633977
Seca,2022,Seca 2022,E14,SC-22-0141,30.61,22.25,11.35,3.1595526258826783,2.940057777232703,,0.610024959397188,0.5676463849627184,0.1977922988356418,0.1930732073901654,0.18722782846918123,1.2626325009350985,0.2520152046571485,0.6526075415379105,0.058941997266983105,3.1595526258826783,3.031848361453149
Seca,2022,Seca 2022,E13,SC-22-0144,29.82,26.01,10.37,2.4828342585311143,2.370660134436055,,0.5622921999754893,0.536887912596657,0.23283057207643312,0.22647190324663502,0.2169184736695548,1.0733234792256088,0.2736283666536241,0.5110312792501195,0.0471564634069891,2.4828342585311143,2.4750677225146407
Seca,2022,Seca 2022,E12,SC-22-0156,28.04,30.65,6.2,2.691115844205631,2.598686886596165,,0.2344121690236758,0.22636105800202155,0.08715916087858076,0.08710593768321037,0.08345449072629924,0.508321691189039,0.11200428251673068,0.27390952216536324,0.024898344833520304,2.691115844205631,2.712389183997354
Seca,2022,Seca 2022,E24,SC-22-0161,28.39,26.26,3.68,2.537383782102953,2.3620452209913294,,0.18848030370222854,0.17545591792262022,0.07503612374364116,0.07428135429557225,0.07219372299947294,0.3845112353456891,0.09305624827706464,0.19603093164346055,0.018774893981492395,2.537383782102953,2.430348659590546
Seca,2022,Seca 2022,E25,SC-22-0163,29.17,22.9,5.61,3.268731802411532,3.0036053303369994,,0.25189276311120234,0.23146176917786432,0.07544585482349188,0.0770613125632903,0.07373844522194534,0.7004507293038931,0.11679467272270122,0.4485579661926907,0.03973336015941093,3.268731802411532,3.1389564626862905
Seca,2022,Seca 2022,E27,SC-22-0164,28.94,25.12,6.44,2.7543894569420857,2.5865959512052195,,0.22680853905941906,0.2129916840014246,0.08626964914262697,0.08234439704515177,0.0786111559184055,0.636347599537119,0.11708408972879675,0.4095390604776999,0.03473969268364498,2.7543894569420857,2.709433305146911
Seca,2022,Seca 2022,E28,SC-22-0167,28.94,28.59,4.67,2.197120676611186,2.1384199299487707,,0.26260067086070543,0.25558473604307386,0.1214031550273358,0.11952036756840216,0.11632049966694644,0.4974469123132834,0.14017932311335488,0.234846241452578,0.020658955544952718,2.197120676611186,2.1972458575648695
Seca,2022,Seca 2022,E29,SC-22-0168,29.31,33.5,5.18,2.201442183565343,2.150961613234441,,0.3563976784438908,0.34822523666605615,0.1638930143028754,0.16189281785574192,0.15466029957902183,0.6241436865409683,0.1891236480876565,0.2677460080970775,0.02723083023191459,2.201442183565343,2.251548959971687
Seca,2022,Seca 2022,E30,SC-22-0170,31.08,33.32,9.66,2.387284072556569,2.299829735403952,,0.6602111241399767,0.6360253446149564,0.27706512841398745,0.27655323123441666,0.2680752905412853,1.1141176442380023,0.32520280098108434,0.45390652009802557,0.04864956974666766,2.387284072556569,2.372562362352469
Seca,2022,Seca 2022,E31,SC-22-0172,28.81,29.63,3.1,2.4883816822613762,2.33097414250843,,0.1923715437585988,0.1802026985861014,0.07965530478076212,0.07730789256725945,0.07683977260843967,0.39426071291936887,0.09451208226108362,0.20188916916077007,0.01720418969382418,2.4883816822613762,2.3451748029549595
Seca,2022,Seca 2022,E18,SC-22-0175,29.79,20.44,9.66,2.595893992026295,2.4179460924945633,,0.2925507115339653,0.2724964316658776,0.11498919703023402,0.11269748010996664,0.10908678308975558,0.6783821001773821,0.14785685092821185,0.3858313886434168,0.035159370818245224,2.595893992026295,2.4979784346713214
Seca,2022,Seca 2022,E21,SC-22-0176,30.86,15.83,13.32,2.6706120809612988,2.540761623457301,,0.42488637840990995,0.4042275597753877,0.16353657491629514,0.15909700305743027,0.1522170195533648,1.144074546808441,0.2202007644069581,0.7191881683985311,0.06110376134952784,2.6706120809612988,2.6556002801885903
Seca,2022,Seca 2022,E22,SC-22-0178,30.75,16.01,14.02,2.832428370614382,2.637279191598381,,0.40982943424166296,0.38159292931938504,0.1456227903819433,0.14469189706384944,0.1348693624462693,1.4015933666052707,0.2309309275178303,0.9917639323636077,0.08623903045398086,2.832428370614382,2.829352214602543
Seca,2023,Seca 2023,E49,SC-23-0164,30.5,29.4,0.46,2.851119519069473,2.4783879115639604,,,,,,,,,,,,
Seca,2023,Seca 2023,E50,SC-23-0165,31.0,31.1,0.0,,,#VALUE!,,,,,,,,,,,
Seca,2023,Seca 2023,E51,SC-23-0166,30.8,31.3,0.0,3.3075332175688534,2.5807545622615717,,,,,,,,,,,,
Seca,2023,Seca 2023,E3,SC-23-0167,31.8,15.3,5.81,2.4868329537485803,2.225053320485982,,,,,,,,,,,,
Seca,2023,Seca 2023,E2,SC-23-0173,31.5,22.0,2.24,2.5112196896428434,2.3176017772894486,,,,,,,,,,,,
Seca,2023,Seca 2023,E1,SC-23-0177,32.2,22.6,0.11,2.387061566097104,2.2470933978708985,,,,,,,,,,,,
Seca,2023,Seca 2023,E5,SC-23-0181,31.6,21.6,61.7,,,#DIV/0!,,,,,,,,,,,
Seca,2023,Seca 2023,E4,SC-23-0186,32.2,17.6,19.56,,,#DIV/0!,,,,,,,,,,,
Seca,2023,Seca 2023,E6,SC-23-0187,32.1,11.4,7.2,2.55942327683816,2.405657100688686,,,,,,,,,,,,
Seca,2023,Seca 2023,E7,SC-23-0189,32.1,8.4,134.1,2.3388431121889575,2.1997526382867987,,,,,,,,,,,,
Seca,2023,Seca 2023,E8,SC-23-0191,33.0,9.9,15.62,1.764796498751686,1.6588847998843905,,,,,,,,,,,,
Seca,2023,Seca 2023,E9,SC-23-0194,29.9,17.0,4.02,2.3206120356464934,2.081481976196718,,,,,,,,,,,,
Seca,2023,Seca 2023,E10,SC-23-0198,32.7,20.6,1.25,1.9469910605204237,1.8586415254473008,,,,,,,,,,,,
Seca,2023,Seca 2023,E13,SC-23-0199,29.6,20.6,8.74,2.148845056487439,2.0217179275280177,,,,,,,,,,,,
Seca,2023,Seca 2023,E22,SC-23-0204,33.0,32.4,1.25,1.9813611285881423,1.8588952478424663,,,,,,,,,,,,
Seca,2023,Seca 2023,E14,SC-23-0208,32.9,19.2,5.5,2.100239994919241,2.0004844141600957,,,,,,,,,,,,
Seca,2023,Seca 2023,E43,SC-23-0210,31.7,33.7,4.83,2.6183667700070465,2.369479568556171,,,,,,,,,,,,
Seca,2023,Seca 2023,E40,SC-23-0211,31.0,33.7,0.61,3.5298325529164374,3.218075436443079,,,,,,,,,,,,
Seca,2023,Seca 2023,E36,SC-23-0212,31.0,33.3,4.38,3.1225379324751024,2.853102840955516,,,,,,,,,,,,
Seca,2023,Seca 2023,E34,SC-23-0213,31.3,22.1,4.54,1.9835962205249278,1.886515851525819,,,,,,,,,,,,
Seca,2023,Seca 2023,E11,SC-23-0214,31.3,27.5,1.61,2.1301151722682072,1.9342888417955162,,,,,,,,,,,,
Seca,2023,Seca 2023,E12,SC-23-0217,31.3,20.7,11.32,2.253657117932541,2.1319855196518054,,,,,,,,,,,,
Seca,2023,Seca 2023,E33,SC-23-0221,32.2,17.6,15.61,2.0262255601069064,1.9358740655247055,,,,,,,,,,,,
Seca,2023,Seca 2023,E25,SC-23-0222,32.3,18.1,3.51,2.171808800096651,2.051534111761516,,,,,,,,,,,,
Seca,2023,Seca 2023,E27,SC-23-0223,31.9,17.4,3.38,2.0274890277295827,1.9089992060696468,,,,,,,,,,,,
Seca,2023,Seca 2023,E28,SC-23-0225,31.8,23.2,2.52,2.328672396664174,2.1791172978112683,,,,,,,,,,,,
Seca,2023,Seca 2023,E29,SC-23-0226,31.9,24.3,0.86,1.7545001064627992,1.6699673835067768,,,,,,,,,,,,
Seca,2023,Seca 2023,E24,SC-23-0227,33.0,18.2,11.03,2.0096235169364385,1.890282602815559,,,,,,,,,,,,
Seca,2023,Seca 2023,E31,SC-23-0228,32.2,27.7,3.96,2.161148480424132,2.007654363657334,,,,,,,,,,,,
Seca,2023,Seca 2023,E30,SC-23-0230,33.6,25.5,0.99,1.827905656746717,1.708489585115566,,,,,,,,,,,,
Seca,2023,Seca 2023,E18,SC-23-0231,32.5,22.5,5.7,1.9381388299016928,1.8121410146269519,,,,,,,,,,,,
Seca,2023,Seca 2023,E21,SC-23-0232,33.4,14.0,0.33,2.3247425962034174,2.1413985243902216,,,,,,,,,,,,
Humeda,2022,Humeda 2022,E51,SC-22-0415,30.1,30.8,17.69,2.966004348426539,2.8622697957139445,,0.2137971986255745,0.20631974607821219,0.07322207557331156,0.07208256411997292,0.07087239174742316,0.2879354881369553,0.07912866684436391,0.0741382895113808,0.007046102724390996,2.966004348426539,2.9111441139661234
Humeda,2022,Humeda 2022,E01,SC-22-0416,30.8,33.1,11.38,2.8052139393636355,2.7258619083396396,,0.05895869128062356,0.05729090693306127,0.020947569017660116,0.021017538253784086,0.020826413747745992,0.19499265988370845,0.030561601947442826,0.1360339686030849,0.009544063693658738,2.8052139393636355,2.7508772094409086
Humeda,2022,Humeda 2022,E02,SC-22-0419,30.8,34.6,21.4,2.529497797183594,2.5166066406352696,,0.08809833916229609,0.08764936091726538,0.035034494413932304,0.03482839133538167,0.036108524959303626,0.3733308085867121,0.05693549442209157,0.285232469424416,0.02210710308670991,2.529497797183594,2.4273869125380014
Humeda,2022,Humeda 2022,E03,SC-22-0423,30.9,34.3,25.4,2.589077052105083,2.5823560288487775,,0.1283851564474232,0.12805187952870578,0.04893842824747273,0.04958722890963711,0.05210740339650181,0.9259772221435859,0.11245142786074046,0.7975920656961627,0.06286419895110334,2.589077052105083,2.457460383399232
Humeda,2022,Humeda 2022,E04,SC-22-0427,30.3,7.8,92.2,1.8992241507993286,1.8431740082585757,,0.6839035684955491,0.6637201201742059,0.36509848657983623,0.36009628890182016,0.35181963636821534,1.0830298277722104,0.3950479932368546,0.39912625927666123,0.03495170433503443,1.8992241507993286,1.88653517758615
Humeda,2022,Humeda 2022,E06,SC-22-0428,31.8,13.8,31.2,2.165077114165598,2.117358985857892,,0.5183721210057304,0.506947240469398,0.241320704800016,0.23942432240133232,0.23724377831408971,1.6427811365848333,0.33493977759690663,1.1244090155791029,0.09551545519557429,2.165077114165598,2.1368199582382505
Humeda,2022,Humeda 2022,E07,SC-22-0429,31.4,14.9,38.6,2.6151525433478837,2.5276410549629635,,0.30866956691372627,0.2983404817945965,0.12052661807016893,0.11803119007297813,0.11633387644071644,1.9852458363929748,0.2568298091110031,1.6765762694792485,0.13879861903802498,2.6151525433478837,2.5645193895574376
Humeda,2022,Humeda 2022,E05,SC-22-0431,30.9,25.3,27.4,2.4182099601841442,2.416652878259613,,0.22650377638329244,0.2263579309265904,0.09448712020936967,0.0936658851434242,0.0928931681253472,0.9793388410077118,0.15716011723642742,0.7528350646244194,0.06349423209300323,2.4182099601841442,2.4367554201741717
Humeda,2022,Humeda 2022,E08,SC-22-0434,31.4,22.6,28.0,1.9590700609157639,1.9194454885313708,,0.8502153063811153,0.8330186687405658,0.44531232500545276,0.4339892295550082,0.4286801884831355,1.9108655258569591,0.5223309322971867,1.0606502194758438,0.08834170274217855,1.9590700609157639,1.943217090783138
Humeda,2022,Humeda 2022,E09,SC-22-0437,31.1,17.1,28.9,2.1679011567685014,2.118729969045261,,0.4919182437349796,0.48076081424071493,0.23435638419184773,0.22690990417120246,0.23215337771615352,1.5389398671271592,0.3141882522429213,1.0470216233921796,0.08727834807171883,2.1679011567685014,2.070875810510609
Humeda,2022,Humeda 2022,E14,SC-22-0441,31.1,16.7,26.3,1.848421821087586,1.773537886688494,,0.634551394607871,0.6088442186458878,0.34835095644275677,0.3432936072105607,0.3362714519004232,1.5325301652068362,0.41966482696641816,0.8979787705989651,0.07637121975585748,1.848421821087586,1.810573616062356
Humeda,2022,Humeda 2022,E21,SC-22-0444,31.0,16.0,24.4,4.039762178559133,5.474627824913171,,0.05712312352346505,0.07741243857059299,0.01505545111778242,0.014140219398716986,0.019292883829085478,2.4983384445428767,0.23402959957758152,2.4412153210194116,0.21988938017886453,4.039762178559133,4.012486637891215
Humeda,2022,Humeda 2022,E43,SC-22-0453,30.1,27.6,1.13,2.8182626530977624,2.7774339070224703,,0.08612826421966718,0.08488050648286959,0.030138729277728364,0.030560765557105612,0.03067343134868072,0.17918735212457534,0.03719516511256068,0.09305908790490816,0.006634399555455066,2.8182626530977624,2.767232185991488
Humeda,2022,Humeda 2022,E40,SC-22-0454,30.3,28.5,0.88,2.301200014125028,2.213209246482896,,0.06548958983199892,0.06298547056965093,0.028953322513163703,0.028458886420135734,0.028444984720631873,0.14594769977840677,0.03468529540011083,0.08045810994640785,0.006226408979975098,2.301200014125028,2.2142908912855193
Humeda,2022,Humeda 2022,E36,SC-22-0455,30.2,29.0,0.5,2.6105388723772163,2.5749763942516495,,0.037125528174595565,0.03661977980303161,0.014030454423338376,0.01422140408152138,0.015284291213294802,0.08800324399505452,0.018403839568106768,0.050877715820458955,0.004182435486585388,2.6105388723772163,2.395909584029547
Humeda,2022,Humeda 2022,E34,SC-22-0456,30.4,14.9,5.3,1.9828374935237376,1.9158657113640514,,0.2145712326534886,0.20732393281276024,0.1088725253461349,0.10821423003867556,0.1062096348953142,0.4770787294574621,0.12710774957648824,0.2625074968039735,0.018893519537812684,1.9828374935237376,1.952025661486452
Humeda,2022,Humeda 2022,E11,SC-22-0459,30.2,15.2,5.81,1.9094150228120326,1.8795451910437841,,0.23385282842507032,0.23019456421318685,0.12749479748159226,0.12247354589295664,0.12178760498417818,0.5678123267778697,0.14997106232981242,0.3339594983527994,0.02749751643685578,1.9094150228120326,1.890131300661444
Humeda,2022,Humeda 2022,E12,SC-22-0463,30.5,19.3,4.88,1.6455896588984036,1.6158182613071435,,0.2285072519376259,0.2243731835122838,0.14008932081166786,0.13886040830530863,0.1350961955684951,0.5244111995179195,0.1616758224124735,0.2959039475802936,0.022815414107164856,1.6455896588984036,1.660840133714383
Humeda,2022,Humeda 2022,E33,SC-22-0464,30.6,18.9,3.49,2.0086667732373056,1.9624946390834093,,0.2532520634712493,0.24743069558428016,0.13032777584579108,0.12607967973856155,0.12456668132404748,0.47220609450945994,0.1442376777341108,0.21895403103821068,0.01815799799554927,2.0086667732373056,1.9863312801969453
Humeda,2022,Humeda 2022,E24,SC-22-0465,30.3,19.0,3.11,2.143304861637562,2.127588449812184,,0.2314397920551386,0.22974269186662913,0.10855323932977282,0.10798267488569512,0.10490796331102906,0.41353575411636456,0.12146693920458762,0.18209596206122597,0.013484264318892505,2.143304861637562,2.18994521117041
Humeda,2022,Humeda 2022,E25,SC-22-0466,30.2,22.8,3.83,1.8090012734573575,1.794928971995741,,0.1896757678856395,0.18820027164093595,0.10480052591261838,0.10485109693877206,0.10221268848210864,0.3954803291424298,0.12132487975610601,0.2058045612567903,0.016473782817333946,1.8090012734573575,1.841261338839342
Humeda,2022,Humeda 2022,E27,SC-22-0468,30.4,20.0,2.52,1.8267984852386654,1.777732356859353,,0.17724611185605885,0.17248544419110448,0.10006887545979234,0.09702554128891902,0.09734810167908087,0.3507108179618005,0.11329642225131427,0.17346470610574163,0.016270880962395252,1.8267984852386654,1.7718418871661457
Humeda,2022,Humeda 2022,E28,SC-22-0469,30.2,19.7,3.41,1.8449344053744772,1.8078783386586115,,0.25091367698182787,0.24587399972984744,0.13936106426979672,0.1360014080993294,0.13300449428191885,0.4581982537611323,0.1572415975420152,0.20728457677930442,0.021240189442685804,1.8449344053744772,1.8486142220780017
Humeda,2022,Humeda 2022,E29,SC-22-0470,31.6,18.8,5.3,1.70386684977882,1.664969460808334,,0.5772073384891305,0.56403033562371,0.35006839267923995,0.33876317187816535,0.3342216058597284,0.9663908569844046,0.3833814102372719,0.38918351849527416,0.044618238359106534,1.70386684977882,1.6875938770410657
Humeda,2022,Humeda 2022,E30,SC-22-0471,32.8,16.1,6.52,1.4527822940234372,1.4301084330182827,,1.8376073496289878,1.8089274477614161,1.2710176887972122,1.264888316156297,1.2513820744599051,2.5456444578537907,1.3599260851118946,0.7080371082248028,0.09503776895559769,1.4527822940234372,1.4455436790095837
Humeda,2022,Humeda 2022,E31,SC-22-0473,30.7,21.0,2.44,2.0338285312973126,1.9632924768428508,,0.27071303198132873,0.2613243205577618,0.13871345800377777,0.13310514028862097,0.1328278741172669,0.46416358168605876,0.15013132115011213,0.19345054970473002,0.017026180861491155,2.0338285312973126,1.9673906722850354
Humeda,2022,Humeda 2022,E18,SC-22-0474,31.3,21.1,3.28,1.6808825469253337,1.7005981380228992,,0.20955375009438512,0.21201167082024405,0.12669875439393566,0.12466888330639184,0.12185755573722226,0.41764863956854537,0.14561615859584856,0.20809488947416024,0.020947275289456727,1.6808825469253337,1.7398319664102992
Humeda,2022,Humeda 2022,E10,SC-22-0475,30.2,16.9,2.1,2.0068400604227183,1.9450489818692218,,0.3164621468269467,0.30671820272326306,0.16204159258223866,0.1576917628205446,0.15796741864445354,0.6705805395119272,0.18777348871945737,0.3541183926849805,0.030081725898912778,2.0068400604227183,1.9416548384171013
Humeda,2022,Humeda 2022,E13,SC-22-0479,31.2,18.7,4.71,1.9131186612231665,1.8436562665469998,,0.36764440376196844,0.3542958011937042,0.20065606512841522,0.1921702041873933,0.19305778871754914,0.6770278986597724,0.21682986109770155,0.309383494897804,0.024659656910308258,1.9131186612231665,1.8351800440025363
Humeda,2023,Humeda 2023,E3,SC-23-0513,29.3,15.7,4.71,3.0747745455769095,2.9712706615609306,,0.22112650544351062,0.21368288581123296,0.0736949180125761,0.07191633147919839,0.06904329379251833,0.45082149054559545,0.08774903347625762,0.22969498510208483,0.015832701997059235,3.0747745455769095,3.0949115268655976
Humeda,2023,Humeda 2023,E2,SC-23-0516,29.8,17.9,2.96,1.5344127712338824,1.5278824896554546,,0.29897780301868837,0.29770538840117855,0.19463621327085567,0.19484835412199314,0.18897698277243283,0.8387286788017728,0.23218020695575908,0.5397508757830844,0.03733185283376594,1.5344127712338824,1.5753526383669545
Humeda,2023,Humeda 2023,E1,SC-23-0519,29.7,17.9,0.89,2.261504107543051,2.232251574698576,,0.233494943196214,0.23047468845863286,0.10754789346009395,0.10324763170555908,0.1015197438524043,0.3869413207455939,0.11380435319879142,0.1534463775493799,0.010556721493232354,2.261504107543051,2.2702449761271195
Humeda,2023,Humeda 2023,E4,SC-23-0522,31.7,0.0,15.4,6.4329764015439705,5.972158159823826,,0.42206948770969355,0.39183506633618714,0.06726766612002055,0.06561029628655146,0.06682949668387542,2.1057443053476557,0.19771669159820496,1.6836748176379621,0.1321063953116535,6.4329764015439705,5.863205407481827
Humeda,2023,Humeda 2023,E5,SC-23-0523,30.6,18.8,34.8,4.137997023629507,4.137634674321524,,0.27364134914875715,0.27361738737378893,0.06834513126781874,0.06612893812783406,0.06665577917438867,0.6716112041909397,0.08777899837374512,0.3979698550421825,0.021650060245911054,4.137997023629507,4.104931196707422
Humeda,2023,Humeda 2023,E24,SC-23-0526,30.0,30.7,9.01,2.923379705021119,2.8195525030717103,,0.20164255851696827,0.19448099048364792,0.07015467261343468,0.06897583580081383,0.06813262186354231,0.26169712821471874,0.07155723049098667,0.06005456969775046,0.002581394690172835,2.923379705021119,2.854447475588995
Humeda,2023,Humeda 2023,E25,SC-23-0527,30.0,32.4,2.9,4.0481735458453105,3.9041626276254364,,0.06950629818060376,0.06703366065415034,0.019548416425158827,0.017169792103389172,0.018139936321002435,0.0955893380912351,0.017432669864020645,0.02608303991063134,0.00026287776063147134,4.0481735458453105,3.695363614729932
Humeda,2023,Humeda 2023,E27,SC-23-0528,30.4,32.2,3.14,4.840467925412392,4.9155615034879565,,0.0392232109288904,0.03983170814396326,0.007887228500061254,0.008103185793871096,0.007452627736228388,0.0393023943849682,0.008310177881558753,7.918345607780187e-05,0.00020699208768765792,4.840467925412392,5.344652859867816
Humeda,2023,Humeda 2023,E31,SC-23-0530,31.2,33.7,4.24,3.1978261009681908,3.0600053990014717,,0.1033047127612496,0.09885246064381423,0.0342744574737459,0.03230466870289554,0.03178728599421694,0.15573140064275745,0.03401048207584201,0.05242668788150785,0.0017058133729464652,3.1978261009681908,3.1098112830959663
Humeda,2023,Humeda 2023,E12,SC-23-0532,30.2,30.5,9.07,2.7763891044859403,2.776578245073869,,0.08391458847473744,0.08392030512827647,0.03029363573181326,0.030224361685886447,0.031126906362738984,0.15659423817223175,0.03435143801963824,0.07267964969749431,0.004127076333751794,2.7763891044859403,2.6960695724241575
Humeda,2023,Humeda 2023,E13,SC-23-0538,31.9,29.5,1.09,3.1327960290265637,2.9942995020944667,,0.1635317668639355,0.15630225637430367,0.05489592039533081,0.05219994067559796,0.05299524792692317,0.2777035393236557,0.05704181308363375,0.11417177245972022,0.004841872408035791,3.1327960290265637,2.949363621995576
Humeda,2023,Humeda 2023,E14,SC-23-0541,31.5,16.1,6.41,2.105534710650951,2.0565213093827337,,0.35399650034056185,0.3457560413108589,0.17280284516279595,0.16812665141536404,0.1653811449267844,0.8946189278012543,0.20694016047050753,0.5406224274606924,0.0388135090551435,2.105534710650951,2.090661794994393
Humeda,2023,Humeda 2023,E10,SC-23-0544,30.7,25.0,0.83,2.3561332307069676,2.319920115654673,,0.22165332647023894,0.218246576245515,0.0967337478809245,0.0940750393829516,0.09252780364693072,0.4066369829575327,0.10400922611561011,0.18498365648729376,0.009934186732658511,2.3561332307069676,2.3587134638827507
Humeda,2023,Humeda 2023,E9,SC-23-0545,31.5,26.0,3.98,2.004922805731761,1.9688247234804797,,0.3409674486107699,0.3348284237217449,0.16835963812494092,0.1700651255180485,0.16284026358661233,1.0159607336930154,0.21930680857569265,0.6749932850822455,0.04924168305764415,2.004922805731761,2.056177117053453
Humeda,2023,Humeda 2023,E7,SC-23-0548,32.1,14.3,35.4,1.7723556686894133,1.6938989721484126,,0.5902053487504656,0.5640787858027295,0.3373369302416333,0.3330061562569431,0.3243395058010415,1.4916816133938953,0.3979824544539828,0.9014762646434297,0.06497629819703968,1.7723556686894133,1.7391615135183394
