epoca,anio,campana,etiqueta,estacion,temperatura,salinidad,turbidez,br440_compendio,br443_compendio,br440_flag,aphy440,aphy443,aphy675,aphy676,aphy677,ap440,ap676,ad440,ad676,br440_espectro,br443_espectro,br,br443,qc_rango,qc_turbidez,qc_temp,valido,clase,clase443,clase_qc,zona,CP1,CP2,grupo2,grupo3,grupo4
Seca,2021,Seca 2021,E01,SC-21-0101,28.3,20.2,4.0,2.0952325767871187,2.0938023981864906,,0.2871105359740277,0.2869145580434083,0.146986608328704,0.1370303894445408,0.1454076123121231,0.6680616973231421,0.1394773700970349,0.3809511613491144,0.002446980652494,2.0952325767871187,1.973174261520332,2.0952325767871187,2.0938023981864906,True,True,True,True,Micro,Micro,Micro,Alta influencia,0.5701847542700043,-0.3272192908854619,2,3,3
Seca,2021,Seca 2021,E03,SC-21-0109,28.4,15.6,9.54,2.1947891189192674,3.0620458809780486,,0.258494133127538,0.360636422322852,0.1173839630878989,0.117776296091181,0.1188841534008711,1.2526622853463254,0.1177774239751909,0.9941681522187874,1.1278840099288372e-06,2.1947891189192674,3.033511296554426,2.1947891189192674,3.0620458809780486,True,True,True,True,Micro,Pico,Micro,Alta influencia,-0.16662923336517066,-0.9043792802086982,2,3,3
Seca,2021,Seca 2021,E05,SC-21-0115,30.3,7.1,31.4,4.206259039630392,4.780358683426786,,1.012607701095943,1.1508154802715564,0.2687482995794115,0.2407383120144026,0.2383111098230524,4.123014699611857,0.2407384913617984,3.110406998515914,1.7934739583373908e-07,4.206259039630392,4.829046707583395,4.206259039630392,4.780358683426786,True,True,True,True,Pico,Pico,Pico,Alta influencia,-1.226114505360023,-2.9925571811627996,2,2,2
Seca,2021,Seca 2021,E06,SC-21-0119,29.5,22.4,6.61,3.13669565256827,3.107903139544982,,0.5087446756297649,0.5040747811544737,0.1547855939716861,0.1621912776947976,0.1697254072650265,0.8775248193160098,0.1722119828596439,0.3687801436862449,0.0100207051648462,3.13669565256827,2.9699429759939235,3.13669565256827,3.107903139544982,True,True,True,True,Pico,Pico,Pico,Alta influencia,0.5962726302324568,-1.1297611513990777,2,3,3
Seca,2021,Seca 2021,E11,SC-21-0124,28.6,28.1,3.84,1.904671681336338,1.716456643666585,,0.3009308770876591,0.2711936174213072,0.1602945300358067,0.1579961943239071,0.1582665951150063,0.5297493467994194,0.1653090090051976,0.2288184697117603,0.0073128146812904,1.904671681336338,1.7135240524018422,1.904671681336338,1.716456643666585,True,True,True,True,Micro,Micro,Micro,Baja influencia,1.1227368295642206,0.15727655813478134,1,1,1
Seca,2021,Seca 2021,E12,SC-21-0128,28.2,31.5,1.11,1.988756867534036,1.802999779922932,,0.2607577139056609,0.2364019998925621,0.1213350511657096,0.1311159338592193,0.1250086814545356,0.4787810826070506,0.1359592543232325,0.2180233687013897,0.0048433204640131,1.988756867534036,1.891084660216491,1.988756867534036,1.802999779922932,True,True,True,True,Micro,Micro,Micro,Baja influencia,2.078341520493036,0.60803891110762,1,1,1
Seca,2021,Seca 2021,E13,SC-21-0132,28.3,31.8,2.31,2.587018052395122,2.4629272237319544,,0.2361538868678997,0.2248263541951629,0.0873272543252535,0.0912842052452099,0.089280638223817,0.3812022382029648,0.0946672396366144,0.145048351335065,0.0033830343914044,2.587018052395122,2.5181983313285383,2.587018052395122,2.4629272237319544,True,True,True,True,Nano,Micro,Nano,Baja influencia,2.069938002354276,-0.2671238777155499,1,1,1
Seca,2021,Seca 2021,E24,SC-21-0164,30.7,22.1,5.57,2.3350022570369884,2.2633018682297767,,0.6286801289170834,0.6093753896848726,0.2694594438010481,0.2692417649800689,0.2608505182236815,1.0812857775644955,0.2795710414967116,0.4526056486474124,0.0103292765166426,2.3350022570369884,2.3361095612711344,2.3350022570369884,2.2633018682297767,True,True,True,True,Micro,Micro,Micro,Alta influencia,-0.18785409176170106,0.08798193127606446,2,3,3
Seca,2021,Seca 2021,E27_5m,SC-21-0166,28.9,33.8,0.74,4.251015976664504,4.15260238654943,,0.5566811808373238,0.543793674919577,0.1300723508591561,0.130952502623647,0.1236155076060969,0.7034046274735453,0.135837718862507,0.1467234466362214,0.00488521623886,4.251015976664504,4.399073267185742,4.251015976664504,4.15260238654943,True,True,True,True,Pico,Pico,Pico,Baja influencia,3.1754286653604087,-1.0986612183188236,1,1,1
Seca,2021,Seca 2021,E28,SC-21-0167,30.3,24.8,3.84,2.108503731484168,1.953712947566777,,0.4660422790084838,0.4318288941189099,0.226255859372652,0.2210298573578707,0.223373238225077,0.8508976263034486,0.2308617585138373,0.3848553472949647,0.0098319011559666,2.108503731484168,1.933216787965384,2.108503731484168,1.953712947566777,True,True,True,True,Micro,Micro,Micro,Alta influencia,0.2513922385728611,0.416641322514706,2,3,3
Seca,2021,Seca 2021,E29,SC-21-0168,31.4,25.9,6.48,1.1804796912465054,1.1946981709722826,,0.5790355350781465,0.5860098227995385,0.4875209188204213,0.4905086799644344,0.4946113527570702,1.3440677384147917,0.5184483067313453,0.7650322033366451,0.0279396267669109,1.1804796912465054,1.1847884597330682,1.1804796912465054,1.1946981709722826,True,True,True,True,Micro,Micro,Micro,Baja influencia,-0.6696811045630763,1.43541286457128,2,3,4
Seca,2021,Seca 2021,E31_sup,SC-21-0169,30.8,21.2,5.53,2.7483092489877534,2.6356536470774614,,0.6684232398373868,0.6410239861171431,0.2461698382753879,0.2432125278782138,0.2365537224656279,1.1174466465839534,0.2520547055282076,0.4490234067465665,0.0088421776499937,2.7483092489877534,2.709845270814904,2.7483092489877534,2.6356536470774614,True,True,True,True,Nano,Nano,Nano,Alta influencia,-0.1240865023734759,-0.2951272789097437,2,3,3
Seca,2021,Seca 2021,E31_10m,SC-21-0170,28.1,34.7,1.61,1.9575462490191875,1.9731630154942024,,0.0775683445274276,0.0781871634814857,0.0427214927934494,0.0396252934337018,0.0415986360778297,0.2361969300499068,0.039631402920731,0.1586285855224791,6.109487029217019e-06,1.9575462490191875,1.879560746539864,1.9575462490191875,1.9731630154942024,True,True,True,True,Micro,Micro,Micro,Baja influencia,2.2679342563337257,0.5104731966021802,1,1,1
Seca,2021,Seca 2021,E31_5m,SC-21-0171,28.5,33.3,0.45,2.2667692517550773,2.058559282106887,,0.172023175265735,0.1562222991628268,0.0773152859282779,0.0758891427226409,0.0767912535950509,0.2885526521085528,0.0806814132904199,0.1165294768428177,0.0047922705677789,2.2667692517550773,2.034376206262312,2.2667692517550773,2.058559282106887,True,True,True,True,Micro,Micro,Micro,Baja influencia,2.579737266709636,0.897438565960763,1,1,1
Seca,2021,Seca 2021,E30,SC-21-0172,32.7,30.8,10.45,1.8536971993806564,1.7520906730516732,,1.107050806353973,1.0463701369647604,0.5910162096083325,0.597212320719831,0.5967388310606918,2.021070240127308,0.6232047685763336,0.9140194337733348,0.0259924478565025,1.8536971993806564,1.7534808906349493,1.8536971993806564,1.7520906730516732,True,True,True,True,Micro,Micro,Micro,Baja influencia,-0.5847261295630539,1.0931967119118053,2,3,4
Seca,2021,Seca 2021,E07_sup,SC-21-0225,30.9,6.1,57.9,2.7092831197611367,3.692754039571118,,0.908440561415388,1.238204869918759,0.3112043764208332,0.3353066184886135,0.3367003458261278,4.687736974745619,0.335311280070843,3.7792964133302314,4.661582229491767e-06,2.7092831197611367,3.677468363986085,2.7092831197611367,3.692754039571118,True,True,True,True,Nano,Pico,Nano,Alta influencia,-2.4358632739427324,-1.6764023139685686,2,2,2
Seca,2021,Seca 2021,E09_sup,SC-21-0228,30.8,12.4,16.76,3.655874097633845,3.657810486452935,,1.4928623918604838,1.4936531089275484,0.4137816688453315,0.4083462263721539,0.397804183547031,2.081463022955111,0.4209090254811564,0.5886006310946271,0.0125627991090024,3.655874097633845,3.7547445972270896,3.655874097633845,3.657810486452935,True,True,True,True,Pico,Pico,Pico,Alta influencia,-0.9419070594829803,-1.8899886159775423,2,2,2
Seca,2022,Seca 2022,E1,SC-22-0108,29.12,28.6,8.01,1.8731384603370795,1.827160689167482,,1.265724165729888,1.2346558932620395,0.6813728082289894,0.6757237612333875,0.6692877554673382,1.5715032571392575,0.69859210849394,0.3057790914093696,0.0228683472605525,1.8731384603370795,1.8447310341124143,1.8731384603370795,1.827160689167482,True,True,True,True,Micro,Micro,Micro,Baja influencia,0.6907670248397277,0.02160617722194458,1,1,1
Seca,2022,Seca 2022,E2,SC-22-0112,29.08,27.84,7.5,2.841081080518423,2.6863807544394582,,0.5091328314870335,0.4814099285439824,0.181187997079207,0.179203907617494,0.1708737523115964,0.8225652207628885,0.2066549928505059,0.313432389275855,0.0274510852330119,2.841081080518423,2.817342757629086,2.841081080518423,2.6863807544394582,True,True,True,True,Nano,Nano,Nano,Baja influencia,1.0890393058858339,-0.9068130769307743,1,1,1
Seca,2022,Seca 2022,E3,SC-22-0116,28.6,27.69,4.12,2.945746163717083,2.7566362315922217,,0.5897005147479537,0.5518431373229884,0.2066794327076882,0.2001871451149889,0.1957410371338339,1.154326916694681,0.2488979135793583,0.5646264019467273,0.0487107684643694,2.945746163717083,2.819251115675232,2.945746163717083,2.7566362315922217,True,True,True,True,Nano,Nano,Nano,Baja influencia,1.5217975539718007,-0.8835314397038204,1,1,1
Seca,2022,Seca 2022,E7,SC-22-0129,29.84,19.43,21.3,4.087568640679724,3.884920587765291,,0.6151773556949103,0.5846789092375335,0.1511634061495579,0.150499578055431,0.1395005234444903,1.6486690048014752,0.2401039413037198,1.0334916491065649,0.0896043632482887,4.087568640679724,4.191230934485973,4.087568640679724,3.884920587765291,True,True,True,True,Pico,Pico,Pico,Alta influencia,0.18944081743169783,-2.5486584174259024,2,2,2
Seca,2022,Seca 2022,E8,SC-22-0131,31.31,17.54,22.5,3.7171112075962807,3.5739944606899576,,0.6206880740287621,0.5967902531034659,0.1686307453899822,0.1669813033197191,0.1578619100775635,1.6746858384390404,0.2586806367325722,1.0539977644102785,0.091699333412853,3.7171112075962807,3.78045757086203,3.7171112075962807,3.5739944606899576,True,True,True,True,Pico,Pico,Pico,Alta influencia,-0.7367310840982396,-1.8025178858119721,2,2,2
Seca,2022,Seca 2022,E9,SC-22-0135,30.45,21.06,18.46,4.1938085926615845,3.801130886059746,,0.9610166882172064,0.8710340815251518,0.242721279841065,0.2291512993460917,0.2220482035281893,1.8406610256283995,0.3079814855276477,0.8796443374111927,0.0788301861815559,4.1938085926615845,3.922725190679477,4.1938085926615845,3.801130886059746,True,True,True,True,Pico,Pico,Pico,Alta influencia,0.20586921155146337,-2.353749865169333,2,2,2
Seca,2022,Seca 2022,E10,SC-22-0139,29.84,30.37,10.17,3.00645698380686,2.840837009190755,,0.3176788572334863,0.3001785355743145,0.107990609682387,0.1056655255486916,0.1002646317758093,0.7724402576152241,0.1472754577989226,0.4547614003817377,0.0416099322502309,3.00645698380686,2.9938626438633977,3.00645698380686,2.840837009190755,True,True,True,True,Pico,Nano,Pico,Baja influencia,0.9969705804259299,-0.9077051863638737,1,1,1
Seca,2022,Seca 2022,E14,SC-22-0141,30.61,22.25,11.35,3.1595526258826783,2.940057777232703,,0.610024959397188,0.5676463849627184,0.1977922988356418,0.1930732073901654,0.1872278284691812,1.2626325009350985,0.2520152046571485,0.6526075415379105,0.0589419972669831,3.1595526258826783,3.031848361453149,3.1595526258826783,2.940057777232703,True,True,True,True,Pico,Nano,Pico,Alta influencia,-0.02905192530009007,-1.0576382260084245,2,3,3
Seca,2022,Seca 2022,E13,SC-22-0144,29.82,26.01,10.37,2.4828342585311143,2.370660134436055,,0.5622921999754893,0.536887912596657,0.2328305720764331,0.226471903246635,0.2169184736695548,1.0733234792256088,0.2736283666536241,0.5110312792501195,0.0471564634069891,2.4828342585311143,2.4750677225146407,2.4828342585311143,2.370660134436055,True,True,True,True,Micro,Micro,Micro,Baja influencia,0.35768043291672513,-0.5249875701292984,2,3,3
Seca,2022,Seca 2022,E12,SC-22-0156,28.04,30.65,6.2,2.691115844205631,2.598686886596165,,0.2344121690236758,0.2263610580020215,0.0871591608785807,0.0871059376832103,0.0834544907262992,0.508321691189039,0.1120042825167306,0.2739095221653632,0.0248983448335203,2.691115844205631,2.712389183997354,2.691115844205631,2.598686886596165,True,True,True,True,Nano,Nano,Nano,Baja influencia,1.7533013934170798,-0.934051404355688,1,1,1
Seca,2022,Seca 2022,E24,SC-22-0161,28.39,26.26,3.68,2.537383782102953,2.3620452209913294,,0.1884803037022285,0.1754559179226202,0.0750361237436411,0.0742813542955722,0.0721937229994729,0.3845112353456891,0.0930562482770646,0.1960309316434605,0.0187748939814923,2.537383782102953,2.430348659590546,2.537383782102953,2.3620452209913294,True,True,True,True,Nano,Micro,Nano,Baja influencia,1.3281472261886695,-0.5395928501055296,1,1,1
Seca,2022,Seca 2022,E25,SC-22-0163,29.17,22.9,5.61,3.268731802411532,3.0036053303369994,,0.2518927631112023,0.2314617691778643,0.0754458548234918,0.0770613125632903,0.0737384452219453,0.7004507293038931,0.1167946727227012,0.4485579661926907,0.0397333601594109,3.268731802411532,3.1389564626862905,3.268731802411532,3.0036053303369994,True,True,True,True,Pico,Pico,Pico,Alta influencia,0.8876094192534517,-1.2719320392803222,2,3,3
Seca,2022,Seca 2022,E27,SC-22-0164,28.94,25.12,6.44,2.7543894569420857,2.5865959512052195,,0.226808539059419,0.2129916840014246,0.0862696491426269,0.0823443970451517,0.0786111559184055,0.636347599537119,0.1170840897287967,0.4095390604776999,0.0347396926836449,2.7543894569420857,2.709433305146911,2.7543894569420857,2.5865959512052195,True,True,True,True,Nano,Nano,Nano,Baja influencia,0.9051399371926518,-0.8618859642764762,1,1,1
Seca,2022,Seca 2022,E28,SC-22-0167,28.94,28.59,4.67,2.197120676611186,2.1384199299487707,,0.2626006708607054,0.2555847360430738,0.1214031550273358,0.1195203675684021,0.1163204996669464,0.4974469123132834,0.1401793231133548,0.234846241452578,0.0206589555449527,2.197120676611186,2.197245857564869,2.197120676611186,2.1384199299487707,True,True,True,True,Micro,Micro,Micro,Baja influencia,1.097288887749664,-0.09552974491400154,1,1,1
Seca,2022,Seca 2022,E29,SC-22-0168,29.31,33.5,5.18,2.201442183565343,2.150961613234441,,0.3563976784438908,0.3482252366660561,0.1638930143028754,0.1618928178557419,0.1546602995790218,0.6241436865409683,0.1891236480876565,0.2677460080970775,0.0272308302319145,2.201442183565343,2.251548959971687,2.201442183565343,2.150961613234441,True,True,True,True,Micro,Micro,Micro,Baja influencia,1.3782409661965227,0.08563266345173651,1,1,1
Seca,2022,Seca 2022,E30,SC-22-0170,31.08,33.32,9.66,2.387284072556569,2.299829735403952,,0.6602111241399767,0.6360253446149564,0.2770651284139874,0.2765532312344166,0.2680752905412853,1.1141176442380023,0.3252028009810843,0.4539065200980255,0.0486495697466676,2.387284072556569,2.372562362352469,2.387284072556569,2.299829735403952,True,True,True,True,Micro,Micro,Micro,Baja influencia,0.5390409013640282,0.1696181888408661,1,1,1
Seca,2022,Seca 2022,E31,SC-22-0172,28.81,29.63,3.1,2.488381682261376,2.33097414250843,,0.1923715437585988,0.1802026985861014,0.0796553047807621,0.0773078925672594,0.0768397726084396,0.3942607129193688,0.0945120822610836,0.20188916916077,0.0172041896938241,2.488381682261376,2.3451748029549595,2.488381682261376,2.33097414250843,True,True,True,True,Micro,Micro,Micro,Baja influencia,1.5213945095538122,-0.2007232544742893,1,1,1
Seca,2022,Seca 2022,E18,SC-22-0175,29.79,20.44,9.66,2.595893992026295,2.4179460924945637,,0.2925507115339653,0.2724964316658776,0.114989197030234,0.1126974801099666,0.1090867830897555,0.6783821001773821,0.1478568509282118,0.3858313886434168,0.0351593708182452,2.595893992026295,2.4979784346713214,2.595893992026295,2.4179460924945637,True,True,True,True,Nano,Micro,Nano,Alta influencia,-0.07527101922270185,-0.7429294410332096,2,3,3
Seca,2022,Seca 2022,E21,SC-22-0176,30.86,15.83,13.32,2.6706120809612988,2.540761623457301,,0.4248863784099099,0.4042275597753877,0.1635365749162951,0.1590970030574302,0.1522170195533648,1.144074546808441,0.2202007644069581,0.7191881683985311,0.0611037613495278,2.6706120809612988,2.6556002801885903,2.6706120809612988,2.540761623457301,True,True,True,True,Nano,Nano,Nano,Alta influencia,-0.9997778182222095,-0.7378312057442882,2,2,2
Seca,2022,Seca 2022,E22,SC-22-0178,30.75,16.01,14.02,2.832428370614382,2.637279191598381,,0.4098294342416629,0.381592929319385,0.1456227903819433,0.1446918970638494,0.1348693624462693,1.401593366605271,0.2309309275178303,0.9917639323636076,0.0862390304539808,2.832428370614382,2.829352214602543,2.832428370614382,2.637279191598381,True,True,True,True,Nano,Nano,Nano,Alta influencia,-0.8871891931214138,-0.9470014444905925,2,2,2
Seca,2023,Seca 2023,E49,SC-23-0164,30.5,29.4,0.46,2.851119519069473,2.4783879115639604,,,,,,,,,,,,,2.851119519069473,2.4783879115639604,True,True,True,True,Nano,Micro,Nano,Baja influencia,1.6981958223283053,0.8615422268030684,1,1,1
Seca,2023,Seca 2023,E51,SC-23-0166,30.8,31.3,0.0,3.307533217568853,2.580754562261572,,,,,,,,,,,,,3.307533217568853,2.580754562261572,True,True,True,True,Pico,Nano,Pico,Baja influencia,2.7621469842532833,1.5929154117688074,1,1,1
Seca,2023,Seca 2023,E3,SC-23-0167,31.8,15.3,5.81,2.4868329537485803,2.225053320485982,,,,,,,,,,,,,2.4868329537485803,2.225053320485982,True,True,True,True,Micro,Micro,Micro,Alta influencia,-1.1937024292700043,0.1057262125263411,2,3,4
Seca,2023,Seca 2023,E2,SC-23-0173,31.5,22.0,2.24,2.511219689642844,2.3176017772894486,,,,,,,,,,,,,2.511219689642844,2.3176017772894486,True,True,True,True,Nano,Micro,Nano,Alta influencia,-0.09853627154557049,0.5903175438537077,2,3,4
Seca,2023,Seca 2023,E1,SC-23-0177,32.2,22.6,0.11,2.387061566097104,2.2470933978708985,,,,,,,,,,,,,2.387061566097104,2.2470933978708985,True,True,True,True,Micro,Micro,Micro,Alta influencia,0.7182103434367684,2.3415674515699285,2,3,4
Seca,2023,Seca 2023,E6,SC-23-0187,32.1,11.4,7.2,2.55942327683816,2.405657100688686,,,,,,,,,,,,,2.55942327683816,2.405657100688686,True,True,True,True,Nano,Micro,Nano,Alta influencia,-1.7183088143699106,-0.062353093645051066,2,3,4
Seca,2023,Seca 2023,E7,SC-23-0189,32.1,8.4,134.1,2.338843112188957,2.1997526382867987,,,,,,,,,,,,,2.338843112188957,2.1997526382867987,True,False,True,True,Micro,Micro,Micro,Alta influencia,-3.1494830415391704,-1.2791812806268739,2,2,2
Seca,2023,Seca 2023,E8,SC-23-0191,33.0,9.9,15.62,1.764796498751686,1.6588847998843903,,,,,,,,,,,,,1.764796498751686,1.6588847998843903,True,True,True,True,Micro,Micro,Micro,Alta influencia,-2.836493448577838,0.5870814815772689,2,3,4
Seca,2023,Seca 2023,E9,SC-23-0194,29.9,17.0,4.02,2.320612035646493,2.081481976196718,,,,,,,,,,,,,2.320612035646493,2.081481976196718,True,True,True,True,Micro,Micro,Micro,Alta influencia,-0.24558562930792574,-0.1198342339604732,2,3,3
Seca,2023,Seca 2023,E10,SC-23-0198,32.7,20.6,1.25,1.946991060520424,1.8586415254473008,,,,,,,,,,,,,1.946991060520424,1.8586415254473008,True,True,True,True,Micro,Micro,Micro,Alta influencia,-0.7314844109936913,1.7452703131426726,2,3,4
Seca,2023,Seca 2023,E13,SC-23-0199,29.6,20.6,8.74,2.148845056487439,2.0217179275280177,,,,,,,,,,,,,2.148845056487439,2.0217179275280177,True,True,True,True,Micro,Micro,Micro,Alta influencia,-0.14991945584737223,-0.32361033820608986,2,3,3
Seca,2023,Seca 2023,E22,SC-23-0204,33.0,32.4,1.25,1.9813611285881425,1.8588952478424663,,,,,,,,,,,,,1.9813611285881425,1.8588952478424663,True,True,True,True,Micro,Micro,Micro,Baja influencia,0.27062177237139906,2.088252219196038,2,3,4
Seca,2023,Seca 2023,E14,SC-23-0208,32.9,19.2,5.5,2.100239994919241,2.000484414160096,,,,,,,,,,,,,2.100239994919241,2.000484414160096,True,True,True,True,Micro,Micro,Micro,Alta influencia,-1.4044762221424953,0.9403190257347264,2,3,4
Seca,2023,Seca 2023,E43,SC-23-0210,31.7,33.7,4.83,2.6183667700070465,2.369479568556171,,,,,,,,,,,,,2.6183667700070465,2.369479568556171,True,True,True,True,Nano,Micro,Nano,Baja influencia,0.6883874972490587,0.4732707520310968,1,1,1
Seca,2023,Seca 2023,E40,SC-23-0211,31.0,33.7,0.61,3.5298325529164374,3.218075436443079,,,,,,,,,,,,,3.5298325529164374,3.218075436443079,True,True,True,True,Pico,Pico,Pico,Baja influencia,2.107612045603658,0.33937065922522935,1,1,1
Seca,2023,Seca 2023,E36,SC-23-0212,31.0,33.3,4.38,3.1225379324751024,2.853102840955516,,,,,,,,,,,,,3.1225379324751024,2.853102840955516,True,True,True,True,Pico,Nano,Pico,Baja influencia,1.1794794715740695,-0.1941319379762101,1,1,1
Seca,2023,Seca 2023,E34,SC-23-0213,31.3,22.1,4.54,1.983596220524928,1.886515851525819,,,,,,,,,,,,,1.983596220524928,1.886515851525819,True,True,True,True,Micro,Micro,Micro,Alta influencia,-0.5011344861932845,0.7081701934140754,2,3,4
Seca,2023,Seca 2023,E11,SC-23-0214,31.3,27.5,1.61,2.1301151722682072,1.934288841795516,,,,,,,,,,,,,2.1301151722682072,1.934288841795516,True,True,True,True,Micro,Micro,Micro,Baja influencia,0.4416210317514631,1.1775457029801608,2,3,4
Seca,2023,Seca 2023,E12,SC-23-0217,31.3,20.7,11.32,2.253657117932541,2.1319855196518054,,,,,,,,,,,,,2.253657117932541,2.1319855196518054,True,True,True,True,Micro,Micro,Micro,Alta influencia,-0.8408195295071523,-0.008096144140477338,2,2,2
Seca,2023,Seca 2023,E33,SC-23-0221,32.2,17.6,15.61,2.0262255601069064,1.935874065524705,,,,,,,,,,,,,2.0262255601069064,1.935874065524705,True,True,True,True,Micro,Micro,Micro,Alta influencia,-1.693226004829271,0.26941899145240783,2,2,2
Seca,2023,Seca 2023,E25,SC-23-0222,32.3,18.1,3.51,2.171808800096651,2.051534111761516,,,,,,,,,,,,,2.171808800096651,2.051534111761516,True,True,True,True,Micro,Micro,Micro,Alta influencia,-1.0829951201911083,0.8654367201476706,2,3,4
Seca,2023,Seca 2023,E27,SC-23-0223,31.9,17.4,3.38,2.0274890277295827,1.9089992060696468,,,,,,,,,,,,,2.0274890277295827,1.9089992060696468,True,True,True,True,Micro,Micro,Micro,Alta influencia,-1.0451220933240537,0.8790679210264928,2,3,4
Seca,2023,Seca 2023,E28,SC-23-0225,31.8,23.2,2.52,2.328672396664174,2.1791172978112683,,,,,,,,,,,,,2.328672396664174,2.1791172978112683,True,True,True,True,Micro,Micro,Micro,Alta influencia,-0.22534500186068301,0.83356055724587,2,3,4
Seca,2023,Seca 2023,E29,SC-23-0226,31.9,24.3,0.86,1.7545001064627992,1.6699673835067768,,,,,,,,,,,,,1.7545001064627992,1.6699673835067768,True,True,True,True,Micro,Micro,Micro,Alta influencia,-0.0291710519303498,1.9405829550925915,2,3,4
Seca,2023,Seca 2023,E24,SC-23-0227,33.0,18.2,11.03,2.0096235169364385,1.890282602815559,,,,,,,,,,,,,2.0096235169364385,1.890282602815559,True,True,True,True,Micro,Micro,Micro,Alta influencia,-1.8271457952109282,0.711904429025449,2,3,4
Seca,2023,Seca 2023,E31,SC-23-0228,32.2,27.7,3.96,2.161148480424132,2.007654363657334,,,,,,,,,,,,,2.161148480424132,2.007654363657334,True,True,True,True,Micro,Micro,Micro,Baja influencia,-0.19601436997650676,1.0175456907342963,2,3,4
Seca,2023,Seca 2023,E30,SC-23-0230,33.6,25.5,0.99,1.827905656746717,1.708489585115566,,,,,,,,,,,,,1.827905656746717,1.708489585115566,True,True,True,True,Micro,Micro,Micro,Baja influencia,-0.588839222152163,2.367172291871814,2,3,4
Seca,2023,Seca 2023,E18,SC-23-0231,32.5,22.5,5.7,1.9381388299016928,1.812141014626952,,,,,,,,,,,,,1.9381388299016928,1.812141014626952,True,True,True,True,Micro,Micro,Micro,Alta influencia,-1.0273301514518167,1.0324393037032833,2,3,4
Seca,2023,Seca 2023,E21,SC-23-0232,33.4,14.0,0.33,2.3247425962034174,2.1413985243902216,,,,,,,,,,,,,2.3247425962034174,2.1413985243902216,True,True,True,True,Micro,Micro,Micro,Alta influencia,-0.9697480090480263,2.062992046312206,2,3,4
Humeda,2022,Humeda 2022,E51,SC-22-0415,30.1,30.8,17.69,2.966004348426539,2.8622697957139445,,0.2137971986255745,0.2063197460782121,0.0732220755733115,0.0720825641199729,0.0708723917474231,0.2879354881369553,0.0791286668443639,0.0741382895113808,0.0070461027243909,2.966004348426539,2.9111441139661234,2.966004348426539,2.8622697957139445,True,True,True,True,Nano,Nano,Nano,Baja influencia,0.7198795619108291,-1.0338330263792006,1,1,1
Humeda,2022,Humeda 2022,E01,SC-22-0416,30.8,33.1,11.38,2.8052139393636355,2.72586190833964,,0.0589586912806235,0.0572909069330612,0.0209475690176601,0.021017538253784,0.0208264137477459,0.1949926598837084,0.0305616019474428,0.1360339686030849,0.0095440636936587,2.8052139393636355,2.7508772094409086,2.8052139393636355,2.72586190833964,True,True,True,True,Nano,Nano,Nano,Baja influencia,0.7529080851263186,-0.4003323083695673,1,1,1
Humeda,2022,Humeda 2022,E02,SC-22-0419,30.8,34.6,21.4,2.529497797183594,2.5166066406352696,,0.088098339162296,0.0876493609172653,0.0350344944139323,0.0348283913353816,0.0361085249593036,0.3733308085867121,0.0569354944220915,0.285232469424416,0.0221071030867099,2.529497797183594,2.427386912538001,2.529497797183594,2.5166066406352696,True,True,True,True,Nano,Nano,Nano,Baja influencia,0.5431035203465562,-0.39308653096959406,1,1,1
Humeda,2022,Humeda 2022,E03,SC-22-0423,30.9,34.3,25.4,2.589077052105083,2.582356028848777,,0.1283851564474232,0.1280518795287057,0.0489384282474727,0.0495872289096371,0.0521074033965018,0.925977222143586,0.1124514278607404,0.7975920656961627,0.0628641989511033,2.589077052105083,2.457460383399232,2.589077052105083,2.582356028848777,True,True,True,True,Nano,Nano,Nano,Baja influencia,0.4414136763653249,-0.5054907757301099,1,1,1
Humeda,2022,Humeda 2022,E04,SC-22-0427,30.3,7.8,92.2,1.8992241507993288,1.843174008258576,,0.6839035684955491,0.6637201201742059,0.3650984865798362,0.3600962889018201,0.3518196363682153,1.0830298277722104,0.3950479932368546,0.3991262592766612,0.0349517043350344,1.8992241507993288,1.88653517758615,1.8992241507993288,1.843174008258576,True,False,True,True,Micro,Micro,Micro,Alta influencia,-2.573883907301267,-1.2631551461875525,2,2,2
Humeda,2022,Humeda 2022,E06,SC-22-0428,31.8,13.8,31.2,2.165077114165598,2.117358985857892,,0.5183721210057304,0.506947240469398,0.241320704800016,0.2394243224013323,0.2372437783140897,1.6427811365848333,0.3349397775969066,1.1244090155791029,0.0955154551955742,2.165077114165598,2.1368199582382505,2.165077114165598,2.117358985857892,True,True,True,True,Micro,Micro,Micro,Alta influencia,-2.0819718098777176,-0.40130201594279813,2,2,2
Humeda,2022,Humeda 2022,E07,SC-22-0429,31.4,14.9,38.6,2.615152543347884,2.5276410549629635,,0.3086695669137262,0.2983404817945965,0.1205266180701689,0.1180311900729781,0.1163338764407164,1.9852458363929748,0.2568298091110031,1.6765762694792483,0.1387986190380249,2.615152543347884,2.5645193895574376,2.615152543347884,2.5276410549629635,True,True,True,True,Nano,Nano,Nano,Alta influencia,-1.7020098162595851,-1.0309457400685553,2,2,2
Humeda,2022,Humeda 2022,E05,SC-22-0431,30.9,25.3,27.4,2.418209960184144,2.416652878259613,,0.2265037763832924,0.2263579309265904,0.0944871202093696,0.0936658851434242,0.0928931681253472,0.9793388410077118,0.1571601172364274,0.7528350646244194,0.0634942320930032,2.418209960184144,2.436755420174172,2.418209960184144,2.416652878259613,True,True,True,True,Micro,Micro,Micro,Baja influencia,-0.502467695336442,-0.5917051551103276,2,2,2
Humeda,2022,Humeda 2022,E08,SC-22-0434,31.4,22.6,28.0,1.959070060915764,1.9194454885313708,,0.8502153063811153,0.8330186687405658,0.4453123250054527,0.4339892295550082,0.4286801884831355,1.9108655258569591,0.5223309322971867,1.0606502194758438,0.0883417027421785,1.959070060915764,1.943217090783138,1.959070060915764,1.9194454885313708,True,True,True,True,Micro,Micro,Micro,Alta influencia,-1.158786875685001,-0.0689708944448942,2,2,2
Humeda,2022,Humeda 2022,E09,SC-22-0437,31.1,17.1,28.9,2.1679011567685014,2.118729969045261,,0.4919182437349796,0.4807608142407149,0.2343563841918477,0.2269099041712024,0.2321533777161535,1.5389398671271592,0.3141882522429213,1.0470216233921796,0.0872783480717188,2.1679011567685014,2.070875810510609,2.1679011567685014,2.118729969045261,True,True,True,True,Micro,Micro,Micro,Alta influencia,-1.475738012915207,-0.5094170638644924,2,2,2
Humeda,2022,Humeda 2022,E14,SC-22-0441,31.1,16.7,26.3,1.848421821087586,1.773537886688494,,0.634551394607871,0.6088442186458878,0.3483509564427567,0.3432936072105607,0.3362714519004232,1.5325301652068362,0.4196648269664181,0.8979787705989651,0.0763712197558574,1.848421821087586,1.810573616062356,1.848421821087586,1.773537886688494,True,True,True,True,Micro,Micro,Micro,Alta influencia,-1.6211488169758534,-0.16886062015160805,2,2,2
Humeda,2022,Humeda 2022,E21,SC-22-0444,31.0,16.0,24.4,4.039762178559133,5.474627824913171,,0.057123123523465,0.0774124385705929,0.0150554511177824,0.0141402193987169,0.0192928838290854,2.4983384445428767,0.2340295995775815,2.441215321019412,0.2198893801788645,4.039762178559133,4.012486637891215,4.039762178559133,5.474627824913171,True,True,True,True,Pico,Pico,Pico,Alta influencia,-0.6471602991683347,-2.283625001449699,2,2,2
Humeda,2022,Humeda 2022,E43,SC-22-0453,30.1,27.6,1.13,2.8182626530977624,2.7774339070224703,,0.0861282642196671,0.0848805064828695,0.0301387292777283,0.0305607655571056,0.0306734313486807,0.1791873521245753,0.0371951651125606,0.0930590879049081,0.006634399555455,2.8182626530977624,2.767232185991488,2.8182626530977624,2.7774339070224703,True,True,True,True,Nano,Nano,Nano,Baja influencia,1.345693894034247,0.30756557566825954,1,1,1
Humeda,2022,Humeda 2022,E40,SC-22-0454,30.3,28.5,0.88,2.301200014125028,2.213209246482896,,0.0654895898319989,0.0629854705696509,0.0289533225131637,0.0284588864201357,0.0284449847206318,0.1459476997784067,0.0346852954001108,0.0804581099464078,0.006226408979975,2.301200014125028,2.2142908912855197,2.301200014125028,2.213209246482896,True,True,True,True,Micro,Micro,Micro,Baja influencia,1.213076520687743,1.0036911410067129,1,1,1
Humeda,2022,Humeda 2022,E36,SC-22-0455,30.2,29.0,0.5,2.6105388723772163,2.574976394251649,,0.0371255281745955,0.0366197798030316,0.0140304544233383,0.0142214040815213,0.0152842912132948,0.0880032439950545,0.0184038395681067,0.0508777158204589,0.0041824354865853,2.6105388723772163,2.395909584029547,2.6105388723772163,2.574976394251649,True,True,True,True,Nano,Nano,Nano,Baja influencia,1.6392474952748268,0.9498490898031179,1,1,1
Humeda,2022,Humeda 2022,E34,SC-22-0456,30.4,14.9,5.3,1.9828374935237376,1.9158657113640516,,0.2145712326534886,0.2073239328127602,0.1088725253461349,0.1082142300386755,0.1062096348953142,0.4770787294574621,0.1271077495764882,0.2625074968039735,0.0188935195378126,1.9828374935237376,1.952025661486452,1.9828374935237376,1.9158657113640516,True,True,True,True,Micro,Micro,Micro,Alta influencia,-0.8836450581372222,0.1826520519362126,2,3,3
Humeda,2022,Humeda 2022,E11,SC-22-0459,30.2,15.2,5.81,1.9094150228120328,1.879545191043784,,0.2338528284250703,0.2301945642131868,0.1274947974815922,0.1224735458929566,0.1217876049841781,0.5678123267778697,0.1499710623298124,0.3339594983527994,0.0274975164368557,1.9094150228120328,1.890131300661444,1.9094150228120328,1.879545191043784,True,True,True,True,Micro,Micro,Micro,Alta influencia,-0.8444274885099406,0.15482391941051513,2,3,3
Humeda,2022,Humeda 2022,E12,SC-22-0463,30.5,19.3,4.88,1.6455896588984036,1.6158182613071437,,0.2285072519376259,0.2243731835122838,0.1400893208116678,0.1388604083053086,0.1350961955684951,0.5244111995179195,0.1616758224124735,0.2959039475802936,0.0228154141071648,1.6455896588984036,1.660840133714383,1.6455896588984036,1.6158182613071437,True,True,True,True,Micro,Micro,Micro,Alta influencia,-0.6312740016989934,0.6808242033503589,2,3,3
Humeda,2022,Humeda 2022,E33,SC-22-0464,30.6,18.9,3.49,2.0086667732373056,1.9624946390834093,,0.2532520634712493,0.2474306955842801,0.130327775845791,0.1260796797385615,0.1245666813240474,0.4722060945094599,0.1442376777341108,0.2189540310382106,0.0181579979955492,2.0086667732373056,1.9863312801969453,2.0086667732373056,1.9624946390834093,True,True,True,True,Micro,Micro,Micro,Alta influencia,-0.4250234609375623,0.5100048369989192,2,3,3
Humeda,2022,Humeda 2022,E24,SC-22-0465,30.3,19.0,3.11,2.143304861637562,2.127588449812184,,0.2314397920551386,0.2297426918666291,0.1085532393297728,0.1079826748856951,0.104907963311029,0.4135357541163645,0.1214669392045876,0.1820959620612259,0.0134842643188925,2.143304861637562,2.18994521117041,2.143304861637562,2.127588449812184,True,True,True,True,Micro,Micro,Micro,Alta influencia,-0.19898150439005327,0.3425865866234035,2,3,3
Humeda,2022,Humeda 2022,E25,SC-22-0466,30.2,22.8,3.83,1.8090012734573573,1.794928971995741,,0.1896757678856395,0.1882002716409359,0.1048005259126183,0.104851096938772,0.1022126884821086,0.3954803291424298,0.121324879756106,0.2058045612567903,0.0164737828173339,1.8090012734573573,1.841261338839342,1.8090012734573573,1.794928971995741,True,True,True,True,Micro,Micro,Micro,Alta influencia,-0.02913918282775228,0.6259189740781333,2,3,3
Humeda,2022,Humeda 2022,E27,SC-22-0468,30.4,20.0,2.52,1.8267984852386652,1.777732356859353,,0.1772461118560588,0.1724854441911044,0.1000688754597923,0.097025541288919,0.0973481016790808,0.3507108179618005,0.1132964222513142,0.1734647061057416,0.0162708809623952,1.8267984852386652,1.7718418871661457,1.8267984852386652,1.777732356859353,True,True,True,True,Micro,Micro,Micro,Alta influencia,-0.20895877887037662,0.7989693001965947,2,3,3
Humeda,2022,Humeda 2022,E28,SC-22-0469,30.2,19.7,3.41,1.8449344053744767,1.8078783386586117,,0.2509136769818278,0.2458739997298474,0.1393610642697967,0.1360014080993294,0.1330044942819188,0.4581982537611323,0.1572415975420152,0.2072845767793044,0.0212401894426858,1.8449344053744767,1.8486142220780015,1.8449344053744767,1.8078783386586117,True,True,True,True,Micro,Micro,Micro,Alta influencia,-0.26090824676640123,0.571320254196964,2,3,3
Humeda,2022,Humeda 2022,E29,SC-22-0470,31.6,18.8,5.3,1.70386684977882,1.664969460808334,,0.5772073384891305,0.56403033562371,0.3500683926792399,0.3387631718781653,0.3342216058597284,0.9663908569844046,0.3833814102372719,0.3891835184952741,0.0446182383591065,1.70386684977882,1.6875938770410657,1.70386684977882,1.664969460808334,True,True,True,True,Micro,Micro,Micro,Alta influencia,-1.1047813527881205,0.919990185716574,2,3,4
Humeda,2022,Humeda 2022,E30,SC-22-0471,32.8,16.1,6.52,1.4527822940234372,1.4301084330182827,,1.837607349628988,1.808927447761416,1.2710176887972122,1.264888316156297,1.2513820744599051,2.5456444578537907,1.3599260851118946,0.7080371082248028,0.0950377689555976,1.4527822940234372,1.4455436790095837,1.4527822940234372,1.4301084330182827,True,True,True,True,Micro,Micro,Micro,Alta influencia,-2.004589883224596,1.3768772049691578,2,3,4
Humeda,2022,Humeda 2022,E31,SC-22-0473,30.7,21.0,2.44,2.033828531297313,1.9632924768428508,,0.2707130319813287,0.2613243205577618,0.1387134580037777,0.1331051402886209,0.1328278741172669,0.4641635816860587,0.1501313211501121,0.19345054970473,0.0170261808614911,2.033828531297313,1.9673906722850356,2.033828531297313,1.9632924768428508,True,True,True,True,Micro,Micro,Micro,Alta influencia,-0.12728343971407358,0.7334483442676245,2,3,3
Humeda,2022,Humeda 2022,E18,SC-22-0474,31.3,21.1,3.28,1.6808825469253337,1.7005981380228992,,0.2095537500943851,0.212011670820244,0.1266987543939356,0.1246688833063918,0.1218575557372222,0.4176486395685453,0.1456161585958485,0.2080948894741602,0.0209472752894567,1.6808825469253337,1.7398319664102992,1.6808825469253337,1.7005981380228992,True,True,True,True,Micro,Micro,Micro,Alta influencia,-0.6120376111049587,1.125398156508885,2,3,4
Humeda,2022,Humeda 2022,E10,SC-22-0475,30.2,16.9,2.1,2.0068400604227183,1.9450489818692216,,0.3164621468269467,0.306718202723263,0.1620415925822386,0.1576917628205446,0.1579674186444535,0.6705805395119272,0.1877734887194573,0.3541183926849805,0.0300817258989127,2.0068400604227183,1.9416548384171013,2.0068400604227183,1.9450489818692216,True,True,True,True,Micro,Micro,Micro,Alta influencia,-0.2759514676276933,0.5740900350194053,2,3,3
Humeda,2022,Humeda 2022,E13,SC-22-0479,31.2,18.7,4.71,1.9131186612231663,1.843656266547,,0.3676444037619684,0.3542958011937042,0.2006560651284152,0.1921702041873933,0.1930577887175491,0.6770278986597724,0.2168298610977015,0.309383494897804,0.0246596569103082,1.9131186612231663,1.8351800440025363,1.9131186612231663,1.843656266547,True,True,True,True,Micro,Micro,Micro,Alta influencia,-0.8248199298140293,0.6461240407370772,2,3,4
Humeda,2023,Humeda 2023,E3,SC-23-0513,29.3,15.7,4.71,3.074774545576909,2.9712706615609306,,0.2211265054435106,0.2136828858112329,0.0736949180125761,0.0719163314791983,0.0690432937925183,0.4508214905455954,0.0877490334762576,0.2296949851020848,0.0158327019970592,3.074774545576909,3.0949115268655976,3.074774545576909,2.9712706615609306,True,True,True,True,Pico,Nano,Pico,Alta influencia,0.1418527341157758,-1.1359305406209221,2,3,3
Humeda,2023,Humeda 2023,E2,SC-23-0516,29.8,17.9,2.96,1.5344127712338824,1.5278824896554546,,0.2989778030186883,0.2977053884011785,0.1946362132708556,0.1948483541219931,0.1889769827724328,0.8387286788017728,0.232180206955759,0.5397508757830844,0.0373318528337659,1.5344127712338824,1.5753526383669545,1.5344127712338824,1.5278824896554546,True,True,True,True,Micro,Micro,Micro,Alta influencia,-0.36228331754544935,0.7662148854520929,2,3,3
Humeda,2023,Humeda 2023,E1,SC-23-0519,29.7,17.9,0.89,2.261504107543051,2.232251574698576,,0.233494943196214,0.2304746884586328,0.1075478934600939,0.103247631705559,0.1015197438524043,0.3869413207455939,0.1138043531987914,0.1534463775493799,0.0105567214932323,2.261504107543051,2.2702449761271195,2.261504107543051,2.232251574698576,True,True,True,True,Micro,Micro,Micro,Alta influencia,0.4319803428194199,0.5950582732496794,2,3,3
Humeda,2023,Humeda 2023,E5,SC-23-0523,30.6,18.8,34.8,4.137997023629507,4.137634674321524,,0.2736413491487571,0.2736173873737889,0.0683451312678187,0.066128938127834,0.0666557791743886,0.6716112041909397,0.0877789983737451,0.3979698550421825,0.021650060245911,4.137997023629507,4.104931196707422,4.137997023629507,4.137634674321524,True,True,True,True,Pico,Pico,Pico,Alta influencia,-0.31597778880488236,-2.6012362254144374,2,2,2
Humeda,2023,Humeda 2023,E24,SC-23-0526,30.0,30.7,9.01,2.923379705021119,2.8195525030717103,,0.2016425585169682,0.1944809904836479,0.0701546726134346,0.0689758358008138,0.0681326218635423,0.2616971282147187,0.0715572304909866,0.0600545696977504,0.0025813946901728,2.923379705021119,2.854447475588995,2.923379705021119,2.8195525030717103,True,True,True,True,Nano,Nano,Nano,Baja influencia,0.9729498407039535,-0.713747929587815,1,1,1
Humeda,2023,Humeda 2023,E25,SC-23-0527,30.0,32.4,2.9,4.048173545845311,3.904162627625437,,0.0695062981806037,0.0670336606541503,0.0195484164251588,0.0171697921033891,0.0181399363210024,0.0955893380912351,0.0174326698640206,0.0260830399106313,0.0002628777606314,4.048173545845311,3.695363614729932,4.048173545845311,3.904162627625437,True,True,True,True,Pico,Pico,Pico,Baja influencia,2.0397882699545105,-1.2258998622047295,1,1,1
Humeda,2023,Humeda 2023,E27,SC-23-0528,30.4,32.2,3.14,4.840467925412392,4.9155615034879565,,0.0392232109288904,0.0398317081439632,0.0078872285000612,0.008103185793871,0.0074526277362283,0.0393023943849682,0.0083101778815587,7.918345607780187e-05,0.0002069920876876,4.840467925412392,5.344652859867816,4.840467925412392,4.9155615034879565,True,True,True,True,Pico,Pico,Pico,Baja influencia,2.190797481281517,-1.9017936384508807,1,1,1
Humeda,2023,Humeda 2023,E31,SC-23-0530,31.2,33.7,4.24,3.1978261009681908,3.060005399001472,,0.1033047127612496,0.0988524606438142,0.0342744574737459,0.0323046687028955,0.0317872859942169,0.1557314006427574,0.034010482075842,0.0524266878815078,0.0017058133729464,3.1978261009681908,3.1098112830959663,3.1978261009681908,3.060005399001472,True,True,True,True,Pico,Pico,Pico,Baja influencia,1.185093367838339,-0.17892888141487304,1,1,1
Humeda,2023,Humeda 2023,E12,SC-23-0532,30.2,30.5,9.07,2.7763891044859403,2.776578245073869,,0.0839145884747374,0.0839203051282764,0.0302936357318132,0.0302243616858864,0.0311269063627389,0.1565942381722317,0.0343514380196382,0.0726796496974943,0.0041270763337517,2.7763891044859403,2.696069572424157,2.7763891044859403,2.776578245073869,True,True,True,True,Nano,Nano,Nano,Baja influencia,0.80964484986808,-0.5178614966000603,1,1,1
Humeda,2023,Humeda 2023,E13,SC-23-0538,31.9,29.5,1.09,3.132796029026564,2.9942995020944667,,0.1635317668639355,0.1563022563743036,0.0548959203953308,0.0521999406755979,0.0529952479269231,0.2777035393236557,0.0570418130836337,0.1141717724597202,0.0048418724080357,3.132796029026564,2.949363621995576,3.132796029026564,2.9942995020944667,True,True,True,True,Pico,Nano,Pico,Baja influencia,0.9837828012924629,0.6330503709806579,1,1,1
Humeda,2023,Humeda 2023,E14,SC-23-0541,31.5,16.1,6.41,2.105534710650951,2.0565213093827337,,0.3539965003405618,0.3457560413108589,0.1728028451627959,0.168126651415364,0.1653811449267844,0.8946189278012543,0.2069401604705075,0.5406224274606924,0.0388135090551435,2.105534710650951,2.090661794994393,2.105534710650951,2.0565213093827337,True,True,True,True,Micro,Micro,Micro,Alta influencia,-1.208467934617783,0.3507217651396787,2,3,4
Humeda,2023,Humeda 2023,E10,SC-23-0544,30.7,25.0,0.83,2.356133230706968,2.319920115654673,,0.2216533264702389,0.218246576245515,0.0967337478809245,0.0940750393829516,0.0925278036469307,0.4066369829575327,0.1040092261156101,0.1849836564872937,0.0099341867326585,2.356133230706968,2.3587134638827507,2.356133230706968,2.319920115654673,True,True,True,True,Micro,Micro,Micro,Baja influencia,0.7778203107258919,1.0201338470849153,1,1,1
Humeda,2023,Humeda 2023,E9,SC-23-0545,31.5,26.0,3.98,2.004922805731761,1.96882472348048,,0.3409674486107699,0.3348284237217449,0.1683596381249409,0.1700651255180485,0.1628402635866123,1.0159607336930154,0.2193068085756926,0.6749932850822455,0.0492416830576441,2.004922805731761,2.056177117053453,2.004922805731761,1.96882472348048,True,True,True,True,Micro,Micro,Micro,Baja influencia,-0.15688200535620972,0.9046990825980714,2,3,4
Humeda,2023,Humeda 2023,E7,SC-23-0548,32.1,14.3,35.4,1.7723556686894133,1.6938989721484126,,0.5902053487504656,0.5640787858027295,0.3373369302416333,0.3330061562569431,0.3243395058010415,1.4916816133938953,0.3979824544539828,0.9014762646434296,0.0649762981970396,1.7723556686894133,1.7391615135183394,1.7723556686894133,1.6938989721484126,True,True,True,True,Micro,Micro,Micro,Alta influencia,-2.370638866841837,0.02282978925943906,2,2,2
